País de Origen,"Sector, subsector y rama",Total 2006,Total 2007,Total 2008,Total 2009,Total 2010,Total 2011,Total 2012,Total 2013,Total 2014,Total 2015,Total 2016,Total 2017,Total 2018,Total 2019,Total 2020,Total 2021,Total 2022,Total 2023,Total general
Canadá,"11 Agricultura, cría y explotación de animales, aprovechamiento forestal, pesca y caza",0.1,0.0,0.2,C,C,7.9,7.0,2.8,0.4,2.5,2.2,C,-0.5,C,C,C,C,C,29.6
Canadá,111 Agricultura,0.1,0.0,0.1,C,C,C,C,C,0.0,0.0,C,0.0,C,0.0,0.0,0.0,0.0,0.0,0.2
Canadá,1112 Cultivo de hortalizas,0.1,0.0,0.0,0.0,0.0,0.0,C,0.0,0.0,0.0,0.0,0.0,C,0.0,0.0,0.0,0.0,0.0,0.1
Canadá,1113 Cultivo de frutales y nueces,0.0,0.0,C,0.0,C,0.0,0.0,0.0,0.0,0.0,C,0.0,0.0,0.0,0.0,0.0,0.0,0.0,0.0
Canadá,"1114 Cultivo en invernaderos y otras estructuras agrícolas protegidas, y floricultura",0.0,0.0,0.0,0.0,0.0,C,0.0,0.0,0.0,0.0,0.0,0.0,0.0,0.0,0.0,0.0,0.0,0.0,C
Canadá,1119 Otros cultivos,0.0,0.0,C,C,0.0,0.0,0.0,C,0.0,0.0,C,0.0,C,0.0,0.0,0.0,0.0,0.0,0.1
Canadá,112 Cría y explotación de animales,0.0,C,0.0,0.0,0.0,0.0,0.0,0.0,0.0,0.0,0.0,0.0,C,0.0,0.0,0.0,C,0.0,1.7
Canadá,1122 Explotación de porcinos,0.0,C,0.0,0.0,0.0,0.0,0.0,0.0,0.0,0.0,0.0,0.0,0.0,0.0,0.0,0.0,0.0,0.0,C
Canadá,1125 Acuicultura,0.0,0.0,0.0,0.0,0.0,0.0,0.0,0.0,0.0,0.0,0.0,0.0,C,0.0,0.0,0.0,0.0,0.0,C
Canadá,1129 Explotación de otros animales,0.0,0.0,0.0,0.0,0.0,0.0,0.0,0.0,0.0,0.0,0.0,0.0,0.0,0.0,0.0,0.0,C,0.0,C
Canadá,115 Servicios relacionados con las actividades agropecuarias y forestales,0.0,C,C,C,0.0,7.9,7.0,2.8,0.4,2.5,C,C,-2.2,C,C,C,C,C,27.7
Canadá,1151 Servicios relacionados con la agricultura,0.0,C,C,C,0.0,7.9,7.0,2.8,0.4,2.5,C,C,-2.2,C,C,C,C,C,27.7
Canadá,1152 Servicios relacionados con la cría y explotación de animales,0.0,C,0.0,0.0,0.0,C,0.0,C,0.0,0.0,0.0,0.0,0.0,0.0,0.0,0.0,0.0,0.0,0.1
Canadá,21 Minería,326.3,"1,088.3","3,526.6",741.1,891.1,405.9,716.1,"3,563.6","1,124.2",-50.8,243.2,374.4,627.1,772.9,195.4,"1,686.3",495.4,C,"16,907.8"
Canadá,211 Extracción de petróleo y gas,0.0,0.0,0.0,0.0,0.0,0.0,0.0,0.0,0.0,0.0,0.0,C,C,C,C,0.0,C,0.0,C
Canadá,2111 Extracción de petróleo y gas,0.0,0.0,0.0,0.0,0.0,0.0,0.0,0.0,0.0,0.0,0.0,C,C,C,C,0.0,C,0.0,C
Canadá,"212 Minería de minerales metálicos y no metálicos, excepto petróleo y gas",315.7,"1,079.3","3,513.6",718.2,871.1,386.1,700.2,"3,519.0","1,110.7",-50.8,243.2,532.6,594.2,682.2,155.7,"1,673.1",413.2,C,"16,637.8"
Canadá,2121 Minería de carbón mineral,0.0,0.0,0.0,0.0,C,0.0,0.0,0.0,0.0,C,0.0,0.0,0.0,0.0,0.0,0.0,0.0,0.0,C
Canadá,2122 Minería de minerales metálicos,314.7,"1,075.4","3,502.9",715.3,857.6,378.5,695.8,"3,518.2","1,110.7",-50.8,243.2,532.6,594.2,682.2,152.5,"1,670.5",401.2,C,"16,575.0"
Canadá,2123 Minería de minerales no metálicos,1.0,3.9,10.8,3.0,13.5,7.6,4.4,0.8,C,0.0,0.0,0.0,0.0,0.0,C,C,C,0.0,62.8
Canadá,213 Servicios relacionados con la minería,10.6,9.0,13.0,22.9,20.0,19.8,15.8,44.6,13.6,C,C,C,-0.6,3.9,9.7,13.2,C,0.0,249.6
Canadá,2131 Servicios relacionados con la minería,10.6,9.0,13.0,22.9,20.0,19.8,15.8,44.6,13.6,C,C,C,-0.6,3.9,9.7,13.2,C,0.0,249.6
Canadá,"22 Generación, transmisión, distribución y comercialización de energía eléctrica, suministro de agua y de gas natural por ductos al consumidor final",0.0,0.0,0.0,C,C,C,C,0.0,55.2,90.1,296.1,"1,116.9","2,591.0",-208.4,-32.4,-39.9,271.8,C,"4,206.4"
Canadá,"221 Generación, transmisión, distribución y comercialización de energía eléctrica, suministro de agua y de gas natural por ductos al consumidor final",0.0,0.0,0.0,C,C,C,C,0.0,55.2,90.1,296.1,"1,116.9","2,591.0",-208.4,-32.4,-39.9,271.8,C,"4,206.4"
Canadá,"2211 Generación, transmisión, distribución y comercialización de energía eléctrica",0.0,0.0,0.0,C,C,C,C,0.0,55.2,90.1,296.1,"1,116.9","2,591.0",-208.4,-32.4,-39.9,271.8,C,"4,206.4"
Canadá,2212 Suministro de gas natural por ductos al consumidor final,0.0,0.0,0.0,0.0,0.0,0.0,0.0,0.0,0.0,C,0.0,0.0,0.0,0.0,0.0,0.0,0.0,0.0,C
Canadá,23 Construcción,1.7,1.7,41.2,76.5,-0.2,18.6,-81.5,1.0,98.3,0.0,2.4,5.6,408.8,3.5,-10.8,105.6,3.2,C,685.7
Canadá,236 Edificación,0.8,0.0,C,C,0.3,17.9,-88.0,0.0,86.7,C,0.2,0.0,3.7,3.3,1.6,9.8,3.4,C,125.1
Canadá,2361 Edificación residencial,C,0.0,C,0.0,C,0.0,C,0.0,C,0.0,0.0,0.0,C,3.3,C,0.0,3.4,0.0,7.6
Canadá,2362 Edificación no residencial,C,C,0.0,C,0.3,17.8,-88.0,C,86.7,C,0.2,0.0,3.7,0.0,C,9.8,C,C,117.5
Canadá,237 Construcción de obras de ingeniería civil,0.8,0.9,40.5,0.1,-0.7,0.0,5.0,3.1,11.7,C,2.1,5.6,399.1,0.2,C,95.8,-0.3,0.0,551.5
Canadá,"2371 Construcción de obras para el suministro de agua, petróleo, gas, energía eléctrica y telecomunicaciones",0.0,C,36.6,0.0,0.0,C,C,C,0.0,C,C,5.5,C,C,0.0,0.0,C,0.0,44.5
Canadá,2372 División de terrenos y construcción de obras de urbanización,0.8,0.9,3.9,0.1,-0.7,C,C,3.0,11.7,0.0,C,0.0,C,C,C,C,C,0.0,49.8
Canadá,2373 Construcción de vías de comunicación,0.0,0.0,0.0,0.0,0.0,0.0,0.0,0.0,0.0,0.0,0.0,0.0,C,0.0,C,C,0.0,0.0,C
Canadá,2379 Otras construcciones de ingeniería civil,0.0,C,C,0.0,0.0,0.0,4.8,C,C,0.0,C,0.1,C,C,0.0,C,0.0,0.0,4.9
Canadá,238 Trabajos especializados para la construcción,C,C,0.8,1.1,C,C,C,-2.1,0.0,0.0,0.1,0.0,6.0,0.0,0.0,0.0,0.0,C,9.1
Canadá,"2381Cimentaciones, montaje de estructuras prefabricadas y trabajos en exteriores",C,0.0,C,C,0.0,0.0,0.0,C,0.0,0.0,C,0.0,0.0,0.0,0.0,0.0,0.0,0.0,-3.7
Canadá,2382 Instalaciones y equipamiento en construcciones,C,C,C,C,C,C,C,C,0.0,0.0,C,0.0,C,0.0,0.0,0.0,0.0,0.0,11.5
Canadá,2383 Trabajos de acabados en edificaciones,0.0,0.0,0.0,0.0,0.0,0.0,C,0.0,0.0,0.0,0.0,0.0,0.0,0.0,0.0,0.0,0.0,0.0,C
Canadá,2389 Otros trabajos especializados para la construcción,0.0,0.0,C,C,0.0,0.0,0.0,C,0.0,0.0,C,0.0,C,0.0,0.0,0.0,0.0,C,1.3
Canadá,31-33 Industrias manufactureras,91.0,138.1,482.7,471.6,407.8,376.2,201.5,223.6,230.8,196.7,234.1,282.7,487.1,345.8,294.6,286.1,-41.6,26.4,"4,735.2"
Canadá,311 Industria alimentaria,-1.0,1.8,2.4,2.3,0.3,C,C,C,C,0.0,C,C,0.0,0.0,C,C,0.0,0.0,10.0
Canadá,3111 Elaboración de alimentos para animales,0.0,0.0,0.0,0.0,0.0,0.0,0.0,0.0,0.0,0.0,C,0.0,0.0,0.0,0.0,0.0,0.0,0.0,C
Canadá,"3113 Elaboración de azúcares, chocolates, dulces y similares",C,C,C,0.0,0.0,0.0,0.0,0.0,0.0,0.0,0.0,0.0,0.0,0.0,0.0,0.0,0.0,0.0,C
Canadá,"3114 Conservación de frutas, verduras, guisos y otros alimentos preparados",C,0.7,C,0.0,C,C,0.0,0.0,0.0,0.0,0.0,0.0,0.0,0.0,0.0,0.0,0.0,0.0,0.7
Canadá,3115 Elaboración de productos lácteos,0.0,0.0,0.0,C,0.0,0.0,0.0,0.0,0.0,0.0,0.0,0.0,0.0,0.0,0.0,0.0,0.0,0.0,C
Canadá,"3116 Matanza, empacado y procesamiento de carne de ganado, aves y otros animales comestibles",0.0,0.0,C,C,C,C,0.0,0.0,C,0.0,0.0,0.0,0.0,0.0,0.0,0.0,0.0,0.0,C
Canadá,3117 Preparación y envasado de pescados y mariscos,C,0.0,0.0,C,0.0,0.0,0.0,0.0,0.0,0.0,0.0,0.0,0.0,0.0,0.0,0.0,0.0,0.0,0.0
Canadá,3118 Elaboración de productos de panadería y tortillas,C,0.0,0.0,0.0,0.0,0.0,0.0,C,C,0.0,0.0,C,0.0,0.0,0.0,0.0,0.0,0.0,-2.2
Canadá,3119 Otras industrias alimentarias,0.0,0.0,0.0,0.0,C,0.0,C,C,0.0,0.0,0.0,C,0.0,0.0,C,C,0.0,0.0,6.0
Canadá,312 Industria de las bebidas y del tabaco,0.0,0.0,C,0.0,0.0,0.0,0.0,0.0,C,C,C,0.0,C,C,C,0.0,0.0,0.0,2.0
Canadá,3121 Industria de las bebidas,0.0,0.0,C,0.0,0.0,0.0,0.0,0.0,0.0,C,C,0.0,C,C,C,0.0,0.0,0.0,2.0
Canadá,3122 Industria del tabaco,0.0,0.0,0.0,0.0,0.0,0.0,0.0,0.0,C,0.0,0.0,0.0,0.0,0.0,0.0,0.0,0.0,0.0,C
Canadá,313 Fabricación de insumos textiles y acabado de textiles,0.0,C,C,C,C,C,C,C,0.0,0.0,0.0,0.0,0.0,0.0,0.0,0.0,0.0,0.0,C
Canadá,3132 Fabricación de telas,0.0,0.0,C,0.0,0.0,0.0,0.0,0.0,0.0,0.0,0.0,0.0,0.0,0.0,0.0,0.0,0.0,0.0,C
Canadá,3133 Acabado de productos textiles y fabricación de telas recubiertas,0.0,C,C,C,C,C,C,C,0.0,0.0,0.0,0.0,0.0,0.0,0.0,0.0,0.0,0.0,C
Canadá,"314 Fabricación de productos textiles, excepto prendas de vestir",0.0,C,0.0,C,0.0,0.0,0.0,0.0,0.0,0.1,0.0,0.0,C,C,C,C,0.0,0.0,12.7
Canadá,"3141 Confección de alfombras, blancos y similares",0.0,C,0.0,C,0.0,0.0,0.0,0.0,0.0,C,0.0,0.0,C,C,C,C,0.0,0.0,12.6
Canadá,"3149 Fabricación de otros productos textiles, excepto prendas de vestir",0.0,0.0,0.0,0.0,0.0,0.0,0.0,0.0,0.0,C,0.0,0.0,0.0,0.0,0.0,0.0,0.0,0.0,C
Canadá,315 Fabricación de prendas de vestir,0.4,C,4.1,C,C,C,C,0.0,0.0,C,0.0,0.0,0.0,C,0.0,C,0.0,0.0,5.0
Canadá,3151 Fabricación de prendas de vestir de tejido de punto,C,0.0,C,0.0,0.0,C,0.0,0.0,0.0,0.0,0.0,0.0,0.0,0.0,0.0,0.0,0.0,0.0,4.2
Canadá,3152 Confección de prendas de vestir,C,C,C,C,C,C,C,0.0,0.0,C,0.0,0.0,0.0,0.0,0.0,0.0,0.0,0.0,0.8
Canadá,3159 Confección de accesorios de vestir y otras prendas de vestir no clasificados en otra parte,0.0,0.0,0.0,0.0,0.0,0.0,0.0,0.0,0.0,0.0,0.0,0.0,0.0,C,0.0,C,0.0,0.0,C
Canadá,"316 Curtido y acabado de cuero y piel, y fabricación de productos de cuero, piel y materiales sucedáneos",0.0,0.0,0.0,C,C,C,0.0,0.0,0.0,0.0,0.0,0.0,0.0,0.0,0.0,C,C,0.0,-1.5
Canadá,3161 Curtido y acabado de cuero y piel,0.0,0.0,0.0,0.0,0.0,0.0,0.0,0.0,0.0,0.0,0.0,0.0,0.0,0.0,0.0,0.0,C,0.0,C
Canadá,3162 Fabricación de calzado,0.0,0.0,0.0,C,C,C,0.0,0.0,0.0,0.0,0.0,0.0,0.0,0.0,0.0,C,0.0,0.0,C
Canadá,321 Industria de la madera,0.0,C,C,C,0.0,C,C,C,0.0,0.0,C,C,C,C,C,0.0,0.0,0.0,3.7
Canadá,3219 Fabricación de otros productos de madera,0.0,C,C,C,0.0,C,C,C,0.0,0.0,C,C,C,C,C,0.0,0.0,0.0,3.7
Canadá,322 Industria del papel,C,C,0.5,C,C,C,C,C,C,C,C,C,C,C,C,C,C,0.0,30.0
Canadá,"3221 Fabricación de pulpa, papel y cartón",C,C,C,C,C,C,C,C,C,C,C,C,C,C,C,C,C,0.0,28.5
Canadá,3222 Fabricación de productos de cartón y papel,C,C,C,C,0.0,0.0,0.0,0.0,0.0,0.0,0.0,0.0,0.0,0.0,0.0,0.0,0.0,0.0,C
Canadá,323 Impresión e industrias conexas,C,0.0,C,0.0,0.0,0.0,C,0.0,C,C,C,0.0,C,0.0,C,C,0.0,0.0,19.5
Canadá,3231 Impresión e industrias conexas,C,0.0,C,0.0,0.0,0.0,C,0.0,C,C,C,0.0,C,0.0,C,C,0.0,0.0,19.5
Canadá,325 Industria química,-24.8,11.5,C,5.5,-4.5,-23.9,C,C,C,0.0,C,-2.9,0.0,C,0.0,C,C,0.0,142.6
Canadá,3251 Fabricación de productos químicos básicos,0.0,0.0,0.0,C,C,C,0.0,0.0,0.0,0.0,C,0.0,0.0,0.0,0.0,C,0.0,0.0,6.1
Canadá,"3252 Fabricación de resinas y hules sintéticos, y fibras químicas",0.0,0.0,0.0,0.0,0.0,C,C,0.0,0.0,0.0,0.0,0.0,0.0,0.0,0.0,0.0,0.0,0.0,C
Canadá,"3253 Fabricación de fertilizantes, pesticidas y otros agroquímicos",0.0,0.0,0.0,0.0,0.0,C,0.0,0.0,C,0.0,0.0,0.0,0.0,0.0,0.0,0.0,0.0,0.0,C
Canadá,3254 Fabricación de productos farmacéuticos,-24.8,6.3,C,C,C,-25.6,C,0.0,0.0,0.0,0.0,C,0.0,C,0.0,0.0,C,0.0,131.3
Canadá,"3256 Fabricación de jabones, limpiadores y preparaciones de tocador",0.0,C,0.0,0.0,0.0,0.0,0.0,0.0,C,0.0,0.0,C,0.0,0.0,0.0,0.0,0.0,0.0,4.7
Canadá,3259 Fabricación de otros productos químicos,0.0,C,0.0,0.0,0.0,0.0,0.0,C,0.0,0.0,0.0,C,0.0,0.0,0.0,0.0,0.0,0.0,C
Canadá,326 Industria del plástico y del hule,C,C,0.0,C,8.7,7.3,39.7,25.3,C,0.0,C,C,50.8,19.6,22.6,C,1.8,0.0,207.8
Canadá,3261 Fabricación de productos de plástico,C,C,0.0,C,8.7,7.3,39.7,25.3,C,0.0,C,C,50.8,19.6,22.6,C,1.8,0.0,205.4
Canadá,3262 Fabricación de productos de hule,0.0,0.0,0.0,0.0,0.0,0.0,0.0,0.0,0.0,0.0,0.0,0.0,0.0,0.0,0.0,C,0.0,0.0,C
Canadá,327 Fabricación de productos a base de minerales no metálicos,C,C,C,0.0,0.0,0.0,0.0,0.0,0.0,0.0,0.0,0.0,0.0,0.0,0.0,0.0,0.0,0.0,0.4
Canadá,3273 Fabricación de cemento y productos de concreto,C,C,0.0,0.0,0.0,0.0,0.0,0.0,0.0,0.0,0.0,0.0,0.0,0.0,0.0,0.0,0.0,0.0,C
Canadá,3279 Fabricación de otros productos a base de minerales no metálicos,0.0,0.0,C,0.0,0.0,0.0,0.0,0.0,0.0,0.0,0.0,0.0,0.0,0.0,0.0,0.0,0.0,0.0,0.0
Canadá,331 Industrias metálicas básicas,0.0,C,C,C,C,C,16.4,C,C,C,C,11.3,C,C,36.1,-2.1,C,0.0,35.5
Canadá,3312 Fabricación de productos de hierro y acero,0.0,C,C,C,0.0,0.0,C,0.0,0.0,0.0,0.0,0.0,0.0,0.0,0.0,C,0.0,0.0,14.5
Canadá,3313 Industria básica del aluminio,0.0,0.0,0.0,0.0,0.0,C,2.0,C,C,C,0.0,C,0.0,C,C,C,C,0.0,8.2
Canadá,"3314 Industrias de metales no ferrosos, excepto aluminio",0.0,0.0,0.0,0.0,C,0.0,0.0,0.0,0.0,0.0,0.0,C,C,0.0,C,C,C,0.0,10.5
Canadá,3315 Moldeo por fundición de piezas metálicas,0.0,0.0,0.0,0.0,0.0,C,C,0.0,0.0,0.0,C,C,C,C,C,C,0.0,0.0,C
Canadá,332 Fabricación de productos metálicos,2.7,30.4,51.4,1.3,8.7,33.8,C,-7.2,1.7,1.7,C,8.0,12.0,23.3,3.3,-15.6,C,C,106.2
Canadá,3321 Fabricación de productos metálicos forjados y troquelados,0.0,0.0,0.0,0.0,C,C,0.0,0.0,C,C,C,C,C,C,C,C,C,0.0,C
Canadá,3323 Fabricación de estructuras metálicas y productos de herrería,C,0.0,0.0,0.0,0.0,0.0,0.0,C,0.0,0.0,0.0,C,C,0.0,0.0,C,0.0,C,1.3
Canadá,"3324 Fabricación de calderas, tanques y envases metálicos",0.0,0.0,0.0,0.0,C,C,0.0,0.0,0.0,0.0,0.0,0.0,0.0,0.0,0.0,0.0,0.0,0.0,C
Canadá,3325 Fabricación de herrajes y cerraduras,0.0,0.0,0.0,0.0,0.0,0.0,0.0,0.0,C,0.0,0.0,0.0,C,0.0,C,0.0,0.0,0.0,-4.4
Canadá,3327 Maquinado de piezas y fabricación de tornillos,C,C,C,0.0,C,C,0.0,0.0,C,0.0,0.0,0.0,0.0,0.0,0.0,0.0,0.0,0.0,1.8
Canadá,3329 Fabricación de otros productos metálicos,C,30.2,50.8,1.3,8.2,5.5,C,-7.2,C,C,C,C,C,C,C,4.0,C,0.0,103.9
Canadá,333 Fabricación de maquinaria y equipo,4.2,5.3,1.4,15.3,3.4,0.5,16.7,11.7,3.6,25.0,7.6,C,17.3,-1.8,57.6,C,C,C,393.4
Canadá,"3331 Fabricación de maquinaria y equipo agropecuario, para la construcción y para la industria extractiva",0.0,6.8,C,C,C,C,0.0,0.0,0.0,0.0,C,0.0,0.0,C,0.0,0.0,0.0,0.0,10.1
Canadá,"3332 Fabricación de maquinaria y equipo para las industrias manufactureras, excepto la metalmecánica",C,C,0.0,C,0.6,0.0,C,C,C,0.0,C,0.0,C,C,C,0.0,0.0,C,9.8
Canadá,3333 Fabricación de maquinaria y equipo para el comercio y los servicios,0.0,C,0.0,0.0,0.0,0.0,0.0,C,0.0,0.0,0.0,0.0,C,0.0,C,0.0,0.0,0.0,10.6
Canadá,"3334 Fabricación de equipo de aire acondicionado, calefacción, y de refrigeración industrial y comercial",C,0.0,C,0.0,0.0,0.0,C,0.0,0.0,0.0,0.0,0.0,C,0.0,0.0,0.0,C,0.0,-0.9
Canadá,3335 Fabricación de maquinaria y equipo para la industria metalmecánica,0.0,0.0,0.0,0.0,0.0,0.0,C,C,0.0,0.0,0.0,C,0.0,0.0,0.0,0.0,0.0,0.0,C
Canadá,"3336 Fabricación de motores de combustión interna, turbinas y transmisiones",C,C,C,C,C,C,C,C,C,C,C,C,C,C,C,C,C,C,C
Canadá,3339 Fabricación de otra maquinaria y equipo para la industria en general,0.0,0.0,0.0,0.0,0.0,0.0,0.0,0.0,0.0,C,0.0,0.0,0.0,0.0,0.0,0.0,0.0,0.0,C
Canadá,"334 Fabricación de equipo de computación, comunicación, medición y de otros equipos, componentes y accesorios electrónicos",C,C,C,7.1,12.5,17.5,14.0,21.3,C,5.5,13.9,6.8,C,C,0.7,8.9,62.9,C,241.7
Canadá,3341 Fabricación de computadoras y equipo periférico,0.0,0.0,C,C,0.0,0.0,0.0,0.0,0.0,0.0,0.0,C,0.0,0.0,C,C,0.0,0.0,-5.4
Canadá,3342 Fabricación de equipo de comunicación,C,C,0.0,C,C,9.4,5.1,C,C,C,C,C,C,C,C,C,C,C,110.9
Canadá,3343 Fabricación de equipo de audio y de video,C,C,C,C,C,C,C,C,C,C,C,C,C,C,C,C,C,C,C
Canadá,3344 Fabricación de componentes electrónicos,0.0,0.0,0.0,0.0,0.0,0.0,C,C,0.0,0.0,C,0.0,0.0,0.0,0.0,0.0,0.0,0.0,0.1
Canadá,"3345 Fabricación de instrumentos de medición, control, navegación, y equipo médico electrónico",0.0,0.0,0.0,C,C,0.0,0.0,0.0,0.0,C,0.0,0.0,0.0,0.0,C,0.0,C,0.0,1.2
Canadá,3346 Fabricación y reproducción de medios magnéticos y ópticos,0.0,0.0,0.0,0.0,C,0.0,0.0,0.0,0.0,0.0,0.0,0.0,0.0,0.0,0.0,0.0,0.0,0.0,C
Canadá,"335 Fabricación de accesorios, aparatos eléctricos y equipo de generación de energía eléctrica",3.7,1.5,2.4,2.9,2.9,2.0,4.5,3.9,2.8,C,C,C,C,C,C,C,C,C,31.1
Canadá,3351 Fabricación de accesorios de iluminación,C,0.0,0.0,C,0.0,0.0,C,C,0.0,0.0,0.0,0.0,0.0,0.0,0.0,0.0,0.0,0.0,1.0
Canadá,3352 Fabricación de aparatos eléctricos de uso doméstico,0.0,C,0.0,0.0,0.0,0.0,0.0,0.0,0.0,0.0,0.0,0.0,0.0,0.0,0.0,0.0,0.0,0.0,C
Canadá,3353 Fabricación de equipo de generación y distribución de energía eléctrica,C,C,C,C,C,C,C,C,C,C,C,C,C,C,C,C,C,C,17.3
Canadá,3359 Fabricación de otros equipos y accesorios eléctricos,C,C,0.4,0.8,2.1,1.6,0.7,0.7,1.3,C,0.0,0.0,0.0,0.0,C,0.0,0.0,C,12.8
Canadá,336 Fabricación de equipo de transporte,95.3,42.8,405.3,440.6,369.2,324.6,91.9,159.5,203.9,162.0,172.0,225.9,376.1,181.8,132.8,200.5,-161.4,-4.8,"3,418.1"
Canadá,3361 Fabricación de automóviles y camiones,0.0,0.0,C,C,0.0,0.0,0.0,0.0,0.0,0.0,0.0,0.0,0.0,0.0,C,0.0,0.0,0.0,0.0
Canadá,3362 Fabricación de carrocerías y remolques,0.0,0.0,0.0,0.0,0.0,C,0.0,0.0,0.0,0.0,0.0,0.0,0.0,0.0,0.0,C,0.0,0.0,C
Canadá,3363 Fabricación de partes para vehículos automotores,95.3,42.8,175.9,233.2,122.3,251.9,63.1,62.0,209.6,162.6,171.4,228.8,384.9,180.9,132.8,189.9,-161.4,-4.8,"2,541.3"
Canadá,3364 Fabricación de equipo aeroespacial,0.0,0.0,0.0,0.0,C,C,C,0.0,C,0.0,0.0,C,0.0,C,0.0,C,0.0,0.0,10.5
Canadá,3365 Fabricación de equipo ferroviario,0.0,C,C,205.8,C,C,C,C,C,C,C,C,C,C,0.0,0.0,0.0,0.0,863.2
Canadá,3366 Fabricación de embarcaciones,0.0,0.0,C,C,0.0,0.0,C,0.0,0.0,0.0,0.0,0.0,0.0,0.0,0.0,0.0,0.0,0.0,1.6
Canadá,"337 Fabricación de muebles, colchones y persianas",C,C,C,C,-2.0,C,C,1.8,C,C,8.6,C,C,-5.5,C,C,C,C,-12.2
Canadá,"3371 Fabricación de muebles, excepto de oficina y estantería",C,C,C,C,-2.0,C,C,1.8,C,C,C,C,C,-5.5,C,C,C,C,-12.2
Canadá,3372 Fabricación de muebles de oficina y estantería,0.0,0.0,0.0,0.0,0.0,0.0,0.0,0.0,0.0,0.0,C,0.0,0.0,0.0,0.0,0.0,0.0,0.0,C
Canadá,339 Otras industrias manufactureras,1.4,31.9,-33.8,0.9,9.6,12.8,4.5,1.9,5.5,0.9,C,5.0,1.6,6.7,29.3,-40.6,36.8,C,88.7
Canadá,"3391 Fabricación de equipo no electrónico y material desechable de uso médico, dental y para laboratorio, y artículos oftálmicos",0.0,C,C,C,C,12.2,C,C,0.0,0.0,0.0,0.0,0.0,0.0,C,C,C,0.0,96.9
Canadá,3399 Otras industrias manufactureras,1.4,0.8,-67.0,3.2,C,0.6,-0.3,2.3,5.5,0.9,C,5.0,1.6,6.7,C,C,11.0,C,-8.1
Canadá,43 Comercio al por mayor,16.7,19.0,69.4,9.3,8.5,28.2,10.6,6.5,-5.3,2.6,0.4,6.7,30.9,569.6,-3.4,11.2,33.0,C,814.0
Canadá,"431 Comercio al por mayor de abarrotes, alimentos, bebidas, hielo y tabaco",0.0,C,0.2,C,0.0,0.7,0.9,6.9,0.0,-2.0,0.0,0.0,C,6.4,3.9,0.1,0.0,C,25.0
Canadá,4311 Comercio al por mayor de abarrotes y alimentos,0.0,C,0.2,C,0.0,0.0,0.9,8.7,0.0,-2.0,0.0,0.0,C,6.4,3.9,0.1,0.0,0.0,26.1
Canadá,"4312 Comercio al por mayor de bebidas, hielo y tabaco",0.0,0.0,0.0,0.0,0.0,C,C,C,0.0,0.0,C,0.0,0.0,0.0,0.0,C,0.0,C,-1.1
Canadá,432 Comercio al por mayor de productos textiles y calzado,C,C,0.0,0.0,C,C,C,C,0.3,C,C,C,C,C,C,C,C,0.0,-10.8
Canadá,4321 Comercio al por mayor de productos textiles y calzado,C,C,0.0,0.0,C,C,C,C,0.3,C,C,C,C,C,C,C,C,0.0,-10.8
Canadá,"433 Comercio al por mayor de productos farmacéuticos, de perfumería, artículos para el esparcimiento, electrodomésticos menores y aparatos de línea blanca",9.2,16.0,49.5,2.7,1.5,30.6,8.1,0.0,0.0,0.0,C,C,0.0,0.0,C,0.0,0.0,0.0,121.2
Canadá,4331 Comercio al por mayor de productos farmacéuticos,0.0,C,C,C,0.0,16.4,C,C,0.0,0.0,0.0,0.0,0.0,0.0,C,C,0.0,0.0,16.9
Canadá,"4332 Comercio al por mayor de artículos de perfumería, cosméticos y joyería",7.9,15.9,48.6,0.6,0.8,10.7,8.1,C,C,0.0,0.0,C,0.0,0.0,0.0,0.0,0.0,0.0,92.6
Canadá,"4333 Comercio al por mayor de discos, juguetes y artículos deportivos",C,0.0,C,C,0.0,C,0.0,0.0,C,0.0,C,0.0,0.0,0.0,C,0.0,0.0,0.0,5.3
Canadá,"4334 Comercio al por mayor de artículos de papelería, libros, revistas y periódicos",0.0,0.0,0.0,0.0,0.0,0.0,0.0,0.0,C,0.0,0.0,0.0,0.0,0.0,0.0,C,0.0,0.0,C
Canadá,4335 Comercio al por mayor de electrodomésticos menores y aparatos de línea blanca,C,C,C,C,C,C,0.0,0.0,0.0,0.0,0.0,0.0,0.0,0.0,0.0,C,0.0,0.0,6.3
Canadá,"434 Comercio al por mayor de materias primas agropecuarias y forestales, para la industria, y materiales de desecho",5.6,2.2,4.7,6.4,5.5,-3.8,1.0,C,-1.1,4.6,C,0.1,1.3,543.2,-13.3,2.7,41.3,C,600.5
Canadá,4341 Comercio al por mayor de materias primas agropecuarias y forestales,C,C,0.3,C,C,2.8,C,C,0.0,0.0,0.0,0.0,0.0,0.0,0.0,0.0,0.0,0.0,8.0
Canadá,4342 Comercio al por mayor de materias primas para la industria,3.1,1.9,4.4,6.4,3.9,-7.0,-1.0,0.0,-1.1,4.6,C,0.1,1.3,543.2,-13.3,2.7,41.3,C,591.0
Canadá,4343 Comercio al por mayor de materiales de desecho,0.0,0.0,0.0,C,C,0.4,C,C,0.0,0.0,0.0,0.0,C,0.0,0.0,0.0,0.0,0.0,1.5
Canadá,"435 Comercio al por mayor de maquinaria, equipo y mobiliario para actividades agropecuarias, industriales, de servicios y comerciales, y de otra maquinaria y equipo de uso general",1.6,0.8,1.8,0.1,2.6,0.3,0.4,0.1,-4.6,C,-0.1,C,0.0,2.3,C,0.7,1.9,0.0,6.9
Canadá,"4351 Comercio al por mayor de maquinaria y equipo agropecuario, forestal y para la pesca",C,0.0,C,0.0,0.0,0.0,0.0,0.0,0.0,0.0,0.0,0.0,C,0.0,C,0.0,0.0,0.0,-2.8
Canadá,4352 Comercio al por mayor de maquinaria y equipo para la industria,C,C,C,0.1,2.3,5.5,0.0,0.0,-4.6,C,C,C,C,0.0,0.0,0.0,C,0.0,4.3
Canadá,4353 Comercio al por mayor de maquinaria y equipo para los servicios y para actividades comerciales,5.7,0.6,C,C,0.3,C,0.4,0.1,C,C,0.0,0.0,0.0,0.0,0.0,C,C,0.0,1.3
Canadá,"4354 Comercio al por mayor de mobiliario y equipo de cómputo y de oficina, y de otra maquinaria y equipo de uso general",C,C,C,C,0.0,C,C,C,0.0,0.0,-0.1,C,C,C,C,C,C,0.0,4.2
Canadá,"436 Comercio al por mayor de camiones y de partes y refacciones nuevas para automóviles, camionetas y camiones",C,C,13.3,0.0,C,C,0.0,0.0,0.0,0.0,0.0,C,C,C,C,C,C,0.0,62.4
Canadá,"4361 Comercio al por mayor de camiones y de partes y refacciones nuevas para automóviles, camionetas y camiones",C,C,13.3,0.0,C,C,0.0,0.0,0.0,0.0,0.0,C,C,C,C,C,C,0.0,62.4
Canadá,437 Intermediación de comercio al por mayor,0.0,0.0,0.0,C,0.0,0.0,C,C,0.0,0.0,C,0.0,8.5,0.0,C,0.0,0.0,0.0,8.6
Canadá,"4371 Intermediación de comercio al por mayor, excepto a través de internet y de otros medios electrónicos",0.0,0.0,0.0,0.0,0.0,0.0,C,C,0.0,0.0,0.0,0.0,8.5,0.0,C,0.0,C,0.0,8.6
Canadá,4372 Intermediación de comercio al por mayor exclusivamente a través de internet y otros medios electrónicos,0.0,0.0,0.0,C,0.0,0.0,C,0.0,0.0,0.0,C,C,C,0.0,0.0,0.0,C,0.0,0.0
Canadá,46 Comercio al por menor,C,0.0,0.0,C,0.1,1.2,0.6,0.6,0.0,C,0.2,4.3,22.9,10.1,12.1,12.1,C,0.0,70.2
Canadá,"461 Comercio al por menor de abarrotes, alimentos, bebidas, hielo y tabaco",C,0.0,C,0.0,0.0,0.0,C,C,C,0.0,0.0,C,0.0,C,C,0.0,0.0,0.0,0.0
Canadá,4611 Comercio al por menor de abarrotes y alimentos,0.0,0.0,C,0.0,0.0,0.0,C,C,C,0.0,0.0,0.0,0.0,C,C,0.0,0.0,0.0,0.0
Canadá,"4612 Comercio al por menor de bebidas, hielo y tabaco",C,0.0,0.0,0.0,0.0,0.0,C,0.0,0.0,0.0,0.0,C,0.0,0.0,0.0,0.0,0.0,0.0,0.0
Canadá,"463 Comercio al por menor de productos textiles, bisutería, accesorios de vestir y calzado",0.0,0.0,0.0,C,0.0,0.0,0.0,C,C,0.0,0.0,C,0.0,0.0,0.0,C,0.0,0.0,0.6
Canadá,"4631 Comercio al por menor de productos textiles, excepto ropa",0.0,0.0,0.0,0.0,0.0,0.0,0.0,0.0,C,0.0,0.0,0.0,0.0,0.0,0.0,0.0,0.0,0.0,C
Canadá,"4632 Comercio al por menor de ropa, bisutería y accesorios de vestir",0.0,0.0,0.0,C,0.0,0.0,0.0,C,0.0,0.0,0.0,C,0.0,0.0,0.0,C,0.0,0.0,0.6
Canadá,464 Comercio al por menor de artículos para el cuidado de la salud,C,0.0,0.0,0.0,C,1.0,C,0.0,C,C,C,0.0,0.0,2.3,C,0.0,0.0,0.0,3.5
Canadá,4641 Comercio al por menor de artículos para el cuidado de la salud,C,0.0,0.0,0.0,C,1.0,C,0.0,C,C,C,0.0,0.0,2.3,C,0.0,0.0,0.0,3.5
Canadá,"465 Comercio al por menor de artículos de papelería, para el esparcimiento y otros artículos de uso personal",0.0,C,C,0.0,C,C,0.0,0.0,C,0.0,0.0,0.0,0.0,C,0.0,C,C,0.0,0.2
Canadá,4651 Comercio al por menor de artículos de perfumería y joyería,0.0,C,0.0,0.0,C,C,0.0,0.0,0.0,0.0,0.0,0.0,0.0,0.0,0.0,C,0.0,0.0,0.2
Canadá,4652 Comercio al por menor de artículos para el esparcimiento,0.0,0.0,0.0,0.0,0.0,0.0,0.0,0.0,C,0.0,0.0,0.0,0.0,C,0.0,0.0,C,0.0,0.0
Canadá,"4659 Comercio al por menor de mascotas, regalos, artículos religiosos, desechables, artesanías y otros artículos de uso personal",0.0,0.0,C,0.0,0.0,0.0,0.0,0.0,0.0,0.0,0.0,0.0,0.0,0.0,0.0,0.0,0.0,0.0,C
Canadá,"466 Comercio al por menor de enseres domésticos, computadoras, artículos para la decoración de interiores y artículos usados",0.0,0.0,C,0.0,C,0.0,C,0.0,C,C,0.0,C,0.0,0.0,C,0.0,0.0,0.0,2.3
Canadá,4661 Comercio al por menor de muebles para el hogar y otros enseres domésticos,0.0,0.0,C,0.0,0.0,0.0,0.0,0.0,C,0.0,0.0,0.0,0.0,0.0,0.0,0.0,0.0,0.0,C
Canadá,"4662 Comercio al por menor de mobiliario, equipo y accesorios de cómputo, teléfonos y otros aparatos de comunicación",0.0,0.0,0.0,0.0,C,0.0,C,0.0,0.0,0.0,0.0,0.0,0.0,0.0,C,0.0,0.0,0.0,C
Canadá,4663 Comercio al por menor de artículos para la decoración de interiores,0.0,0.0,0.0,0.0,0.0,0.0,C,0.0,0.0,C,0.0,C,0.0,0.0,0.0,0.0,0.0,0.0,0.0
Canadá,"467 Comercio al por menor de artículos de ferretería, tlapalería y vidrios",0.0,C,0.0,0.0,0.0,0.0,0.0,0.0,0.0,0.0,0.0,0.0,C,0.0,0.0,0.0,0.0,0.0,C
Canadá,"4671 Comercio al por menor de artículos de ferretería, tlapalería y vidrios",0.0,C,0.0,0.0,0.0,0.0,0.0,0.0,0.0,0.0,0.0,0.0,C,0.0,0.0,0.0,0.0,0.0,C
Canadá,"468 Comercio al por menor de vehículos de motor, refacciones, combustibles y lubricantes",0.0,C,0.0,0.0,C,C,C,C,0.0,0.0,C,C,22.9,7.8,C,C,C,0.0,63.5
Canadá,4681 Comercio al por menor de automóviles y camionetas,0.0,C,0.0,0.0,0.0,0.0,0.0,0.0,0.0,0.0,0.0,0.0,C,0.0,0.0,0.0,0.0,0.0,0.0
Canadá,"4682 Comercio al por menor de partes y refacciones para automóviles, camionetas y camiones",0.0,0.0,0.0,0.0,C,C,C,C,0.0,0.0,0.0,C,C,7.8,C,C,C,0.0,63.5
Canadá,4683 Comercio al por menor de motocicletas y otros vehículos de motor,0.0,0.0,0.0,0.0,0.0,0.0,0.0,C,0.0,0.0,0.0,0.0,C,0.0,0.0,0.0,0.0,0.0,C
Canadá,"4684 Comercio al por menor de combustibles, aceites y grasas lubricantes",0.0,0.0,0.0,0.0,0.0,0.0,0.0,0.0,0.0,0.0,C,0.0,0.0,0.0,0.0,0.0,0.0,0.0,C
Canadá,"469 Comercio al por menor exclusivamente a través de internet, y catálogos impresos, televisión y similares",0.0,0.0,0.0,0.0,0.0,C,C,C,0.0,0.0,0.0,C,C,0.0,C,0.0,0.0,0.0,0.1
Canadá,"4691 Comercio al por menor exclusivamente a través de internet, y catálogos impresos, televisión y similares",0.0,0.0,0.0,0.0,0.0,C,C,C,0.0,0.0,0.0,C,C,0.0,C,0.0,0.0,0.0,0.1
Canadá,"48-49 Transporte, correos y almacenamiento",99.2,-12.8,-9.5,45.9,276.9,108.7,100.4,779.0,976.8,585.1,973.1,"1,811.9",412.4,107.3,-150.6,599.1,926.1,0.0,"7,629.2"
Canadá,481 Transporte aéreo,0.0,C,0.0,C,0.0,0.0,C,0.0,0.0,0.0,0.0,0.0,0.0,0.0,C,0.0,0.0,0.0,0.5
Canadá,4811 Transporte aéreo regular,0.0,0.0,0.0,0.0,0.0,0.0,C,0.0,0.0,0.0,0.0,0.0,0.0,0.0,0.0,0.0,0.0,0.0,C
Canadá,4812 Transporte aéreo no regular,0.0,C,0.0,C,0.0,0.0,0.0,0.0,0.0,0.0,0.0,0.0,0.0,0.0,C,0.0,0.0,0.0,0.0
Canadá,483 Transporte por agua,0.0,0.0,0.0,0.0,0.0,0.0,0.0,0.0,0.0,C,0.0,0.0,0.0,0.0,0.0,0.0,0.0,0.0,C
Canadá,4831 Transporte marítimo,0.0,0.0,0.0,0.0,0.0,0.0,0.0,0.0,0.0,C,0.0,0.0,0.0,0.0,0.0,0.0,0.0,0.0,C
Canadá,486 Transporte por ductos,C,-12.5,C,45.9,276.9,108.5,99.9,779.0,998.5,585.1,973.1,"1,811.9",397.6,107.3,-150.6,599.1,369.3,0.0,"7,073.8"
Canadá,4861 Transporte de petróleo crudo por ductos,0.0,0.0,0.0,0.0,0.0,0.0,0.0,0.0,0.0,0.0,0.0,C,0.0,0.0,0.0,0.0,0.0,0.0,C
Canadá,4862 Transporte de gas natural por ductos,C,-12.5,C,45.9,276.9,108.5,99.9,779.0,998.5,585.1,973.1,"1,811.9",397.6,107.3,-150.6,599.1,369.3,0.0,"7,073.8"
Canadá,4869 Transporte por ductos de otros productos,0.0,0.0,0.0,0.0,0.0,0.0,0.0,0.0,C,0.0,0.0,0.0,0.0,0.0,0.0,0.0,0.0,0.0,C
Canadá,487 Transporte turístico,0.0,0.0,0.0,0.0,C,0.0,0.0,C,0.0,0.0,0.0,0.0,0.0,0.0,0.0,0.0,0.0,0.0,C
Canadá,4872 Transporte turístico por agua,0.0,0.0,0.0,0.0,C,0.0,0.0,C,0.0,0.0,0.0,0.0,0.0,0.0,0.0,0.0,0.0,0.0,C
Canadá,488 Servicios relacionados con el transporte,C,C,3.0,C,C,0.2,C,0.0,C,0.0,0.0,0.0,C,0.0,C,C,C,0.0,540.1
Canadá,4881 Servicios relacionados con el transporte aéreo,0.0,0.0,C,C,0.0,C,0.0,0.0,0.0,0.0,0.0,0.0,C,0.0,0.0,0.0,0.0,0.0,1.4
Canadá,4883 Servicios relacionados con el transporte por agua,0.0,0.0,0.0,0.0,0.0,C,0.0,0.0,C,0.0,0.0,0.0,0.0,0.0,0.0,0.0,0.0,0.0,C
Canadá,4884 Servicios relacionados con el transporte por carretera,0.0,0.0,0.0,0.0,0.0,0.0,0.0,0.0,0.0,0.0,0.0,0.0,0.0,0.0,0.0,C,C,0.0,C
Canadá,4885 Servicios de intermediación para el transporte de carga,0.0,C,C,0.0,C,C,0.0,0.0,0.0,0.0,C,0.0,0.0,C,C,0.0,0.0,0.0,0.4
Canadá,4889 Otros servicios relacionados con el transporte,C,C,C,C,0.0,0.0,C,0.0,0.0,0.0,0.0,0.0,C,0.0,0.0,0.0,0.0,0.0,3.1
Canadá,493 Servicios de almacenamiento,0.0,0.0,0.0,0.0,C,0.0,0.0,0.0,0.0,0.0,0.0,0.0,C,0.0,0.0,0.0,0.0,0.0,14.8
Canadá,4931 Servicios de almacenamiento,0.0,0.0,0.0,0.0,C,0.0,0.0,0.0,0.0,0.0,0.0,0.0,C,0.0,0.0,0.0,0.0,0.0,14.8
Canadá,51 Información en medios masivos,-0.6,0.2,0.5,0.6,7.0,0.2,C,3.1,0.0,C,0.0,0.0,1.3,C,C,C,2.6,0.0,46.1
Canadá,"511 Edición de periódicos, revistas, libros, software y otros materiales, y edición de estas publicaciones integrada con la impresión",0.0,0.0,0.0,0.0,0.0,0.0,0.0,C,0.0,C,0.0,C,0.0,C,0.0,0.0,C,0.0,0.0
Canadá,"5111 Edición de periódicos, revistas, libros y similares, y edición de estas publicaciones integrada con la impresión",0.0,0.0,0.0,0.0,0.0,0.0,0.0,C,0.0,C,0.0,C,0.0,0.0,0.0,0.0,0.0,0.0,0.0
Canadá,5112 Edición de software y edición de software integrada con la reproducción,0.0,0.0,0.0,0.0,0.0,0.0,0.0,0.0,0.0,0.0,0.0,C,0.0,C,0.0,0.0,C,0.0,0.0
Canadá,"512 Industria fílmica y del video, e industria del sonido",C,0.0,0.0,C,C,C,C,C,0.0,0.0,0.0,C,0.0,0.0,0.0,0.0,0.0,0.0,9.3
Canadá,5121 Industria fílmica y del video,C,0.0,0.0,C,C,C,C,C,0.0,0.0,0.0,0.0,0.0,0.0,0.0,0.0,0.0,0.0,9.3
Canadá,5122 Industria del sonido,0.0,0.0,0.0,0.0,0.0,0.0,0.0,0.0,0.0,0.0,0.0,C,0.0,0.0,0.0,0.0,0.0,0.0,C
Canadá,517 Telecomunicaciones,0.0,C,0.0,C,C,C,C,C,0.0,0.0,0.0,0.0,C,C,0.0,0.0,C,0.0,0.5
Canadá,5173 Operadores de servicios de telecomunicaciones alámbricas e inalámbricas,0.0,C,0.0,C,C,C,C,C,0.0,0.0,0.0,0.0,C,0.0,0.0,0.0,0.0,0.0,0.5
Canadá,5179 Otros servicios de telecomunicaciones,0.0,0.0,0.0,0.0,0.0,0.0,0.0,C,0.0,0.0,0.0,0.0,0.0,C,0.0,0.0,C,0.0,0.0
Canadá,"518 Procesamiento electrónico de información, hospedaje y otros servicios relacionados",0.0,0.0,0.0,0.0,0.0,0.0,0.0,0.0,0.0,0.0,0.0,0.0,C,0.0,0.0,C,0.0,0.0,15.1
Canadá,"5182 Procesamiento electrónico de información, hospedaje y otros servicios relacionados",0.0,0.0,0.0,0.0,0.0,0.0,0.0,0.0,0.0,0.0,0.0,0.0,C,0.0,0.0,C,0.0,0.0,15.1
Canadá,519 Otros servicios de información,0.0,0.2,0.5,0.4,C,C,0.0,C,0.0,C,0.0,0.0,C,0.0,C,C,C,0.0,21.2
Canadá,5191 Otros servicios de información,0.0,0.2,0.5,0.4,C,C,0.0,C,0.0,C,0.0,0.0,C,0.0,C,C,C,0.0,21.2
Canadá,52 Servicios financieros y de seguros,326.9,346.9,321.4,197.9,112.6,39.1,85.9,268.7,34.7,269.7,719.5,185.9,67.5,744.8,"2,761.1",392.8,"1,460.9",509.0,"8,845.2"
Canadá,522 Instituciones de intermediación crediticia y financiera no bursátil,325.5,348.0,C,181.6,104.6,28.4,78.1,268.5,29.8,268.1,141.3,157.2,10.8,377.6,389.4,C,262.1,C,"3,904.3"
Canadá,5221 Banca múltiple,C,C,C,C,C,C,C,C,C,C,C,C,C,C,C,C,C,C,"3,718.2"
Canadá,5223 Uniones de crédito e instituciones de ahorro,C,C,0.0,C,0.0,0.0,0.0,C,0.0,0.0,0.0,C,0.0,0.0,0.0,0.0,0.0,0.0,15.8
Canadá,5224 Otras instituciones de intermediación crediticia y financiera no bursátil,0.0,C,C,0.0,C,C,C,C,C,C,C,C,C,C,C,0.0,C,0.0,170.2
Canadá,5225 Servicios relacionados con la intermediación crediticia no bursátil,0.0,0.0,0.0,0.0,0.0,C,0.0,0.0,C,0.0,0.0,0.0,0.0,C,0.0,0.0,C,0.0,0.1
Canadá,"523 Actividades bursátiles, cambiarias y de inversión financiera",C,C,0.3,16.3,8.0,10.7,7.8,C,C,C,1.5,7.2,15.9,97.9,68.8,C,20.1,0.0,277.3
Canadá,"5231 Casas de bolsa, casas de cambio y centros cambiarios",0.0,0.0,0.0,C,0.0,C,0.0,0.0,0.0,0.0,0.0,0.0,0.0,0.0,0.0,0.0,C,0.0,C
Canadá,5239 Asesoría en inversiones y otros servicios relacionados con la intermediación bursátil,C,C,0.3,16.3,8.0,9.6,7.8,C,C,C,1.5,7.2,15.9,97.9,68.8,C,C,0.0,276.2
Canadá,"524 Compañías de seguros, fianzas, y administración de fondos para el retiro",C,0.0,C,0.0,0.0,0.0,0.0,0.0,0.0,0.0,0.0,0.0,0.0,0.0,0.0,0.0,0.0,0.0,0.4
Canadá,"5242 Servicios relacionados con los seguros y las fianzas, y administración de fondos para el retiro",C,0.0,C,0.0,0.0,0.0,0.0,0.0,0.0,0.0,0.0,0.0,0.0,0.0,0.0,0.0,0.0,0.0,0.4
Canadá,525 Sociedades de inversión especializadas en fondos para el retiro y fondos de inversión,0.0,0.0,0.0,0.0,0.0,0.0,0.0,0.0,0.0,0.0,C,C,C,269.3,"2,302.8",242.6,"1,178.7",C,"4,663.2"
Canadá,5252 Fondos de inversión,0.0,0.0,0.0,0.0,0.0,0.0,0.0,0.0,0.0,0.0,C,C,C,269.3,"2,302.8",242.6,"1,178.7",C,"4,663.2"
Canadá,53 Servicios inmobiliarios y de alquiler de bienes muebles e intangibles,10.6,1.1,71.1,310.9,33.6,130.7,-13.6,14.5,314.1,95.3,31.4,70.2,28.1,647.9,246.6,83.8,315.8,0.3,"2,392.5"
Canadá,531 Servicios inmobiliarios,10.6,1.8,71.1,310.5,32.8,130.7,-13.7,11.0,316.2,43.2,31.4,70.2,28.1,46.5,37.4,-5.4,72.9,0.3,"1,195.8"
Canadá,5311 Alquiler sin intermediación de bienes raíces,0.0,C,0.9,C,0.3,C,0.0,0.0,C,C,4.1,C,15.7,C,30.0,C,0.0,0.0,93.7
Canadá,5312 Inmobiliarias y corredores de bienes raíces,10.6,1.7,70.6,310.3,24.5,35.5,-13.8,8.9,315.9,-5.6,27.2,58.1,0.0,0.8,7.2,-5.4,72.8,C,919.6
Canadá,5313 Servicios relacionados con los servicios inmobiliarios,0.0,C,-0.4,-0.1,7.9,95.2,0.1,2.1,0.3,48.8,0.1,12.1,12.4,3.5,0.3,0.0,0.1,C,182.5
Canadá,532 Servicios de alquiler de bienes muebles,0.0,C,C,0.0,0.0,C,0.0,C,C,C,0.0,C,C,601.4,C,89.2,242.9,0.0,"1,195.3"
Canadá,"5321 Alquiler de automóviles, camiones y otros transportes terrestres",C,0.0,0.0,0.0,0.0,0.0,0.0,0.0,0.0,C,0.0,0.0,C,C,C,C,242.9,0.0,"1,191.5"
Canadá,5322 Alquiler de artículos para el hogar y personales,0.0,C,C,0.0,0.0,0.0,0.0,0.0,C,0.0,0.0,0.0,0.0,0.0,0.0,0.0,0.0,0.0,-2.8
Canadá,5323 Centros generales de alquiler,0.0,0.0,0.0,0.0,0.0,0.0,0.0,0.0,0.0,0.0,0.0,0.0,0.0,0.0,0.0,0.0,C,0.0,C
Canadá,"5324 Alquiler de maquinaria y equipo agropecuario, pesquero, industrial, comercial y de servicios",0.0,0.0,0.0,0.0,0.0,C,0.0,C,C,C,0.0,C,0.0,C,0.0,C,0.0,0.0,6.7
Canadá,"533 Servicios de alquiler de marcas registradas, patentes y franquicias",0.0,0.0,0.0,C,C,0.0,C,0.0,0.0,0.0,0.0,0.0,0.0,0.0,0.0,0.0,0.0,0.0,C
Canadá,"5331 Servicios de alquiler de marcas registradas, patentes y franquicias",0.0,0.0,0.0,C,C,0.0,C,0.0,0.0,0.0,0.0,0.0,0.0,0.0,0.0,0.0,0.0,0.0,C
Canadá,"54 Servicios profesionales, científicos y técnicos",-0.9,1.0,-0.3,16.6,4.6,7.5,214.2,83.3,3.4,-0.6,0.4,-9.0,26.6,9.8,1.7,0.3,1.6,C,368.0
Canadá,"541 Servicios profesionales, científicos y técnicos",-0.9,1.0,-0.3,16.6,4.6,7.5,214.2,83.3,3.4,-0.6,0.4,-9.0,26.6,9.8,1.7,0.3,1.6,C,368.0
Canadá,5411 Servicios legales,0.0,0.0,0.0,0.0,0.0,0.0,0.0,0.0,C,0.0,0.0,0.0,0.0,0.0,0.0,0.0,0.0,0.0,C
Canadá,"5412 Servicios de contabilidad, auditoría y servicios relacionados",0.0,-0.1,C,0.0,0.3,1.2,C,0.0,0.0,C,0.0,C,C,C,C,0.0,C,0.0,-0.3
Canadá,"5413 Servicios de arquitectura, ingeniería y actividades relacionadas",C,0.6,0.0,4.5,C,3.0,212.1,70.9,C,0.0,C,0.0,C,C,C,0.0,C,0.0,292.1
Canadá,5414 Diseño especializado,0.0,C,C,0.0,0.0,0.0,0.0,C,0.0,0.0,0.0,0.0,C,0.0,0.0,0.0,0.0,0.0,0.0
Canadá,5415 Servicios de diseño de sistemas de cómputo y servicios relacionados,0.0,0.0,0.0,C,C,0.0,0.0,0.0,C,C,C,C,0.0,C,0.0,0.1,C,0.0,1.5
Canadá,"5416 Servicios de consultoría administrativa, científica y técnica",0.0,C,-0.3,10.8,4.3,0.1,3.2,9.9,3.4,0.0,C,-9.1,33.1,20.3,0.0,C,C,C,84.3
Canadá,5417 Servicios de investigación científica y desarrollo,0.0,C,C,C,C,C,0.0,C,C,C,0.0,0.0,0.0,0.0,C,0.0,0.0,0.0,-0.2
Canadá,5418 Servicios de publicidad y actividades relacionadas,C,C,C,C,0.0,0.0,0.9,C,0.0,C,C,0.0,0.0,C,0.0,C,C,0.0,2.0
Canadá,"5419 Otros servicios profesionales, científicos y técnicos",0.0,0.0,C,C,C,3.2,-2.0,2.5,0.0,C,0.3,0.0,-4.7,-10.7,0.0,C,C,C,-11.3
Canadá,55 Corporativos,0.0,0.0,0.0,0.0,0.0,0.0,0.0,0.0,0.0,0.0,0.0,0.0,C,0.0,0.0,0.0,0.0,0.0,C
Canadá,551 Corporativos,0.0,0.0,0.0,0.0,0.0,0.0,0.0,0.0,0.0,0.0,0.0,0.0,C,0.0,0.0,0.0,0.0,0.0,C
Canadá,5511 Corporativos,0.0,0.0,0.0,0.0,0.0,0.0,0.0,0.0,0.0,0.0,0.0,0.0,C,0.0,0.0,0.0,0.0,0.0,C
Canadá,"56 Servicios de apoyo a los negocios y manejo de residuos, y servicios de remediación",32.8,5.7,1.9,240.2,36.4,0.7,1.9,-0.7,8.2,-57.2,0.9,-1.1,0.0,C,9.4,14.1,C,0.0,329.6
Canadá,561 Servicios de apoyo a los negocios,32.8,5.7,1.9,240.2,36.4,0.7,1.9,-0.7,8.2,-57.2,0.9,-1.1,0.0,C,9.4,14.1,C,0.0,329.6
Canadá,5611 Servicios de administración de negocios,0.0,0.0,0.0,0.0,C,0.0,C,0.0,0.0,0.0,0.0,0.0,C,C,9.4,15.6,0.0,0.0,29.3
Canadá,5613 Servicios de empleo,0.0,1.6,0.0,C,0.0,0.0,0.5,1.4,8.2,C,0.0,0.0,0.0,0.0,C,0.0,0.0,0.0,-8.7
Canadá,"5614 Servicios de apoyo secretarial, fotocopiado, cobranza, investigación crediticia y similares",C,C,0.0,0.0,0.0,0.0,C,0.0,C,0.0,C,0.0,C,0.0,0.0,C,0.0,0.0,0.1
Canadá,5615 Agencias de viajes y servicios de reservaciones,0.0,0.0,0.0,C,0.0,C,C,0.0,C,C,C,C,0.0,0.0,0.0,C,0.0,0.0,0.1
Canadá,"5616 Servicios de investigación, protección y seguridad",0.0,0.0,0.0,0.0,C,C,0.0,1.0,0.0,0.0,0.0,C,0.0,0.0,0.0,0.0,0.0,0.0,3.4
Canadá,5617 Servicios de limpieza,0.0,0.0,0.0,0.0,0.0,0.0,0.0,0.0,0.0,C,0.0,0.0,0.0,0.0,0.0,0.0,0.0,0.0,C
Canadá,5619 Otros servicios de apoyo a los negocios,32.7,4.1,1.9,239.9,34.0,C,1.5,-3.1,0.0,-36.5,C,C,C,C,C,C,C,0.0,305.4
Canadá,61 Servicios educativos,C,2.7,-11.0,C,C,C,6.3,0.0,0.0,0.0,0.0,C,6.7,C,C,0.0,0.0,0.0,11.9
Canadá,611 Servicios educativos,C,2.7,-11.0,C,C,C,6.3,0.0,0.0,0.0,0.0,C,6.7,C,C,0.0,0.0,0.0,11.9
Canadá,"6111 Escuelas de educación básica, media y para necesidades especiales",C,C,-11.4,0.0,0.0,0.0,C,C,0.0,0.0,0.0,0.0,C,0.0,0.0,0.0,0.0,0.0,-7.5
Canadá,6112 Escuelas de educación técnica superior,0.0,0.0,C,0.0,0.0,C,C,0.0,0.0,0.0,0.0,0.0,0.0,0.0,0.0,0.0,0.0,0.0,C
Canadá,6113 Escuelas de educación superior,0.0,0.0,0.0,0.0,0.0,0.0,0.0,0.0,0.0,0.0,0.0,C,C,C,0.0,0.0,0.0,0.0,C
Canadá,"6114 Escuelas comerciales, de computación y de capacitación para ejecutivos",0.0,C,0.3,C,C,0.0,C,C,0.0,0.0,0.0,0.0,0.0,0.0,0.0,0.0,0.0,0.0,1.8
Canadá,6116 Otros servicios educativos,0.0,0.0,0.0,0.0,0.0,0.0,0.0,0.0,0.0,0.0,0.0,0.0,C,0.0,C,0.0,0.0,0.0,C
Canadá,6117 Servicios de apoyo a la educación,0.0,0.0,0.0,0.0,0.0,0.0,C,0.0,0.0,0.0,0.0,0.0,0.0,0.0,0.0,0.0,0.0,0.0,0.0
Canadá,62 Servicios de salud y de asistencia social,C,0.0,C,C,1.0,1.6,C,0.5,C,0.0,C,C,C,C,C,0.0,C,0.0,7.1
Canadá,621 Servicios médicos de consulta externa y servicios relacionados,C,0.0,0.0,C,1.0,C,0.0,0.5,C,0.0,C,C,C,C,C,0.0,C,0.0,2.4
Canadá,6211 Consultorios médicos,0.0,C,0.0,0.0,0.0,0.0,0.0,C,0.0,0.0,0.0,C,0.0,C,C,0.0,C,0.0,0.0
Canadá,6212 Consultorios dentales,0.0,0.0,0.0,C,C,C,0.0,C,C,0.0,0.0,0.0,0.0,0.0,0.0,0.0,0.0,0.0,C
Canadá,6213 Otros consultorios para el cuidado de la salud,0.0,0.0,0.0,0.0,C,0.0,0.0,0.0,0.0,0.0,C,0.0,C,0.0,0.0,0.0,0.0,0.0,0.0
Canadá,6214 Centros para la atención de pacientes que no requieren hospitalización,0.0,0.0,0.0,0.0,0.0,0.0,0.0,C,0.0,0.0,0.0,0.0,0.0,0.0,0.0,0.0,0.0,0.0,C
Canadá,6215 Laboratorios médicos y de diagnóstico,C,C,0.0,0.0,C,0.0,0.0,0.0,0.0,0.0,0.0,0.0,0.0,0.0,0.0,0.0,0.0,0.0,0.0
Canadá,6216 Servicios de enfermería a domicilio,0.0,0.0,0.0,0.0,0.0,C,0.0,0.0,0.0,0.0,0.0,0.0,0.0,0.0,0.0,0.0,0.0,0.0,C
Canadá,622 Hospitales,0.0,0.0,C,0.0,0.0,C,0.0,0.0,0.0,0.0,0.0,0.0,0.0,C,0.0,0.0,0.0,0.0,4.2
Canadá,6221 Hospitales generales,0.0,0.0,C,0.0,0.0,C,0.0,0.0,0.0,0.0,0.0,0.0,0.0,0.0,0.0,0.0,0.0,0.0,C
Canadá,6223 Hospitales de otras especialidades médicas,0.0,0.0,0.0,0.0,0.0,0.0,0.0,0.0,0.0,0.0,0.0,0.0,0.0,C,0.0,0.0,0.0,0.0,C
Canadá,624 Otros servicios de asistencia social,0.0,0.0,0.0,0.0,C,0.0,C,0.0,0.0,0.0,0.0,0.0,0.0,0.0,0.0,0.0,0.0,0.0,0.4
Canadá,6241 Servicios de orientación y trabajo social,0.0,0.0,0.0,0.0,0.0,0.0,C,0.0,0.0,0.0,0.0,0.0,0.0,0.0,0.0,0.0,0.0,0.0,C
Canadá,"6242 Servicios comunitarios de alimentación, refugio y emergencia",0.0,0.0,0.0,0.0,C,0.0,0.0,0.0,0.0,0.0,0.0,0.0,0.0,0.0,0.0,0.0,0.0,0.0,C
Canadá,"6243 Servicios de capacitación para el trabajo para personas desempleadas, subempleadas o con discapacidad",0.0,0.0,0.0,0.0,C,0.0,C,0.0,0.0,0.0,0.0,0.0,0.0,0.0,0.0,0.0,0.0,0.0,C
Canadá,"71 Servicios de esparcimiento culturales y deportivos, y otros servicios recreativos",C,7.2,C,3.6,0.3,C,C,0.0,0.0,0.0,1.1,C,0.1,C,0.0,0.0,0.0,0.0,22.4
Canadá,"711 Servicios artísticos, culturales y deportivos, y otros servicios relacionados",0.0,0.0,0.0,C,0.0,0.0,0.0,0.0,C,0.0,0.0,0.0,0.0,0.0,0.0,C,0.0,0.0,0.0
Canadá,"7113 Promotores de espectáculos artísticos, culturales, deportivos y similares",0.0,0.0,0.0,C,0.0,0.0,0.0,0.0,0.0,0.0,0.0,0.0,0.0,0.0,0.0,C,0.0,0.0,C
Canadá,"7114 Agentes y representantes de artistas, deportistas y similares",0.0,0.0,0.0,0.0,0.0,0.0,0.0,0.0,C,0.0,0.0,0.0,0.0,0.0,0.0,0.0,0.0,0.0,C
Canadá,713 Servicios de entretenimiento en instalaciones recreativas y otros servicios recreativos,C,7.2,C,3.6,0.3,C,C,0.0,0.0,0.0,1.1,C,0.1,C,0.0,0.0,0.0,0.0,22.4
Canadá,7131 Parques con instalaciones recreativas y casas de juegos electrónicos,0.0,C,0.0,0.0,0.0,0.0,0.0,C,0.0,0.0,0.0,0.0,0.0,0.0,0.0,0.0,0.0,0.0,C
Canadá,7139 Otros servicios recreativos,C,7.2,C,3.6,0.3,C,C,0.0,0.0,0.0,1.1,C,0.1,C,0.0,0.0,0.0,0.0,22.4
Canadá,72 Servicios de alojamiento temporal y de preparación de alimentos y bebidas,77.4,85.7,41.5,38.1,181.6,185.0,225.0,152.0,141.1,74.9,80.6,84.8,95.8,90.0,91.1,116.2,217.5,38.5,"2,016.6"
Canadá,721 Servicios de alojamiento temporal,77.4,84.9,41.5,38.0,181.5,184.7,225.0,152.0,141.1,74.9,76.4,84.8,95.7,90.0,91.1,116.2,217.5,38.5,"2,011.2"
Canadá,"7211 Hoteles, moteles y similares",0.3,3.9,0.8,1.9,27.2,1.5,1.5,21.8,3.6,2.7,C,10.1,0.0,5.0,C,C,0.0,0.0,87.3
Canadá,"7213 Pensiones y casas de huéspedes, y departamentos y casas amueblados con servicios de hotelería",77.1,80.9,40.7,36.1,154.3,183.2,223.5,130.2,137.5,72.2,72.1,74.7,95.7,85.0,88.6,116.2,217.5,38.5,"1,923.9"
Canadá,722 Servicios de preparación de alimentos y bebidas,0.0,0.8,C,0.1,0.1,0.2,0.0,0.0,C,0.0,C,C,0.0,0.0,0.0,0.0,C,0.0,5.5
Canadá,7223 Servicios de preparación de alimentos por encargo,0.0,0.0,0.0,0.0,C,0.0,0.0,0.0,0.0,0.0,0.0,0.0,0.0,0.0,0.0,0.0,0.0,0.0,0.1
Canadá,"7224 Centros nocturnos, bares, cantinas y similares",0.0,0.0,0.0,C,0.0,0.0,0.0,0.0,C,0.0,0.0,0.0,0.0,0.0,0.0,0.0,0.0,0.0,0.0
Canadá,7225 Servicios de preparación de alimentos y bebidas alcohólicas y no alcohólicas,0.0,0.8,C,0.1,0.0,0.2,0.0,C,C,0.0,C,C,0.0,0.0,0.0,0.0,C,0.0,5.4
Canadá,81 Otros servicios excepto actividades gubernamentales,C,0.0,C,C,C,8.7,C,C,0.0,0.0,C,0.5,C,C,0.0,C,C,0.0,8.4
Canadá,811 Servicios de reparación y mantenimiento,C,C,0.0,0.0,C,C,C,C,C,0.0,0.0,0.0,0.0,0.0,0.0,0.0,0.0,0.0,6.8
Canadá,8111 Reparación y mantenimiento de automóviles y camiones,0.0,0.0,0.0,0.0,0.0,0.0,0.0,0.0,0.0,C,0.0,0.0,0.0,0.0,0.0,0.0,0.0,0.0,C
Canadá,8112 Reparación y mantenimiento de equipo electrónico y de equipo de precisión,C,0.0,0.0,0.0,0.0,0.0,C,0.0,0.0,C,0.0,0.0,0.0,0.0,0.0,0.0,0.0,0.0,-10.9
Canadá,"8113 Reparación y mantenimiento de maquinaria y equipo agropecuario, industrial, comercial y de servicios",0.0,C,0.0,0.0,C,C,0.0,C,C,0.0,0.0,0.0,0.0,0.0,0.0,0.0,0.0,0.0,17.7
Canadá,8114 Reparación y mantenimiento de artículos para el hogar y personales,0.0,0.0,0.0,0.0,0.0,0.0,0.0,0.0,C,0.0,0.0,0.0,0.0,0.0,0.0,0.0,0.0,0.0,C
Canadá,812 Servicios personales,0.0,0.0,C,C,0.0,C,0.0,C,C,0.0,0.0,0.5,C,C,0.0,C,C,0.0,1.5
Canadá,"8121 Salones y clínicas de belleza, baños públicos y bolerías",0.0,C,C,C,0.0,C,0.0,0.0,C,0.0,0.0,0.0,0.0,0.0,0.0,0.0,0.0,0.0,0.1
Canadá,8122 Lavanderías y tintorerías,0.0,0.0,0.0,C,0.0,0.0,0.0,0.0,0.0,0.0,0.0,0.0,0.0,0.0,0.0,0.0,0.0,0.0,C
Canadá,8124 Estacionamientos y pensiones para vehículos automotores,0.0,0.0,0.0,0.0,0.0,0.0,0.0,C,0.0,0.0,0.0,0.0,0.0,0.0,0.0,0.0,0.0,0.0,C
Canadá,8129 Servicios de revelado e impresión de fotografías y otros servicios personales,0.0,C,0.0,0.0,0.0,C,0.0,0.0,C,0.0,0.0,0.5,C,C,0.0,C,C,0.0,0.5
Canadá,813 Asociaciones y organizaciones,C,C,0.0,0.0,0.0,0.0,0.0,0.0,0.0,0.0,C,0.0,0.0,0.0,0.0,0.0,0.0,0.0,0.0
Canadá,"8131 Asociaciones y organizaciones comerciales, laborales, profesionales y recreativas",C,C,0.0,0.0,0.0,0.0,0.0,0.0,0.0,0.0,C,0.0,0.0,0.0,0.0,0.0,0.0,0.0,0.0
