"País de Origen/Sector, subsector y rama",,Total 2006,Total 2007,Total 2008,Total 2009,Total 2010,Total 2011,Total 2012,Total 2013,Total 2014,Total 2015,Total 2016,Total 2017,Total 2018,Total 2019,Total 2020,Total 2021,Total 2022,Total 2023,Total general
España,"11 Agricultura, cría y explotación de animales, aprovechamiento forestal, pesca y caza",0.1,-0.6,C,-0.1,-13.6,1.9,9.4,6.9,0.5,C,0.0,0.0,1.4,0.5,-4.5,2.6,8.5,0.0,11.3
España,111 Agricultura,0.0,C,0.0,-0.1,0.0,C,C,C,C,0.0,0.0,0.0,C,0.0,C,C,C,0.0,13.5
España,"1111 Cultivo de semillas oleaginosas, leguminosas y cereales",0.0,0.0,0.0,0.0,0.0,0.0,0.0,C,C,0.0,0.0,0.0,0.0,0.0,0.0,0.0,0.0,0.0,C
España,1112 Cultivo de hortalizas,0.0,C,0.0,C,0.0,0.0,0.0,0.0,0.0,0.0,0.0,C,0.0,0.0,0.0,0.0,0.0,0.0,0.0
España,1113 Cultivo de frutales y nueces,0.0,0.0,0.0,0.0,0.0,0.0,0.0,0.0,0.0,0.0,0.0,0.0,0.0,0.0,0.0,C,0.0,0.0,0.0
España,"1114 Cultivo en invernaderos y otras estructuras agrícolas protegidas, y floricultura",0.0,0.0,0.0,0.0,0.0,0.0,C,0.0,C,0.0,0.0,0.0,C,0.0,0.0,0.0,0.0,0.0,C
España,1119 Otros cultivos,0.0,0.0,0.0,C,0.0,C,0.0,0.0,0.0,0.0,0.0,0.0,C,0.0,C,0.0,C,0.0,9.8
España,112 Cría y explotación de animales,0.0,0.0,0.0,0.0,C,0.0,0.0,0.0,0.0,0.0,0.0,0.0,0.0,C,0.0,0.0,0.0,0.0,C
España,1121 Explotación de bovinos,0.0,0.0,0.0,0.0,0.0,0.0,0.0,0.0,0.0,0.0,0.0,0.0,0.0,C,0.0,0.0,0.0,0.0,C
España,1125 Acuicultura,0.0,0.0,0.0,0.0,C,0.0,0.0,0.0,0.0,0.0,0.0,0.0,0.0,0.0,0.0,0.0,0.0,0.0,C
España,113 Aprovechamiento forestal,0.0,0.0,0.0,0.0,0.0,0.0,0.0,0.0,0.0,0.0,0.0,0.0,0.0,0.0,C,C,0.0,0.0,C
España,1132 Viveros forestales y recolección de productos forestales,0.0,0.0,0.0,0.0,0.0,0.0,0.0,0.0,0.0,0.0,0.0,0.0,0.0,0.0,C,C,0.0,0.0,C
España,"114 Pesca, caza y captura",0.0,0.0,0.0,0.0,C,0.0,0.0,0.0,0.0,0.0,0.0,0.0,0.0,0.0,0.0,0.0,0.0,0.0,C
España,1141 Pesca,0.0,0.0,0.0,0.0,C,0.0,0.0,0.0,0.0,0.0,0.0,0.0,0.0,0.0,0.0,0.0,0.0,0.0,C
España,115 Servicios relacionados con las actividades agropecuarias y forestales,0.1,-0.6,C,C,0.5,C,C,3.2,C,C,0.0,0.0,C,C,-5.5,C,C,0.0,9.1
España,1151 Servicios relacionados con la agricultura,0.1,-0.6,C,C,0.5,C,C,3.2,C,0.0,0.0,0.0,C,C,-5.5,C,C,0.0,9.1
España,1152 Servicios relacionados con la cría y explotación de animales,0.0,0.0,0.0,0.0,0.0,0.0,0.0,0.0,0.0,C,0.0,0.0,0.0,0.0,0.0,0.0,0.0,0.0,C
España,21 Minería,C,-2.2,C,C,0.0,-18.6,11.8,C,0.7,0.0,20.2,-4.7,127.4,58.4,121.8,77.5,18.5,-26.7,385.9
España,211 Extracción de petróleo y gas,0.0,0.0,0.0,0.0,0.0,0.0,0.0,0.0,0.0,0.0,0.0,-4.7,127.4,54.2,C,77.5,38.9,C,319.8
España,2111 Extracción de petróleo y gas,0.0,0.0,0.0,0.0,0.0,0.0,0.0,0.0,0.0,0.0,0.0,-4.7,127.4,54.2,C,77.5,38.9,C,319.8
España,"212 Minería de minerales metálicos y no metálicos, excepto petróleo y gas",C,C,C,C,0.0,-18.6,C,0.0,C,0.0,C,C,0.0,0.0,C,0.0,C,C,28.5
España,2122 Minería de minerales metálicos,C,C,0.0,C,C,0.0,0.0,0.0,C,0.0,C,C,0.0,0.0,C,0.0,C,C,46.8
España,2123 Minería de minerales no metálicos,0.0,0.0,C,0.0,C,C,C,0.0,0.0,0.0,0.0,0.0,0.0,0.0,0.0,0.0,0.0,0.0,-18.3
España,213 Servicios relacionados con la minería,C,C,C,0.0,0.0,0.0,C,C,C,0.0,C,0.0,0.0,C,C,0.0,0.0,0.0,37.6
España,2131 Servicios relacionados con la minería,C,C,C,0.0,0.0,0.0,C,C,C,0.0,C,0.0,0.0,C,C,0.0,0.0,0.0,37.6
España,"22 Generación, transmisión, distribución y comercialización de energía eléctrica, suministro de agua y de gas natural por ductos al consumidor final",-54.1,141.4,256.8,7.7,129.9,121.3,432.6,635.4,589.0,353.4,280.5,29.5,320.6,-276.6,2.0,42.8,110.2,-23.4,"3,099.0"
España,"221 Generación, transmisión, distribución y comercialización de energía eléctrica, suministro de agua y de gas natural por ductos al consumidor final",-54.1,141.4,256.8,7.7,129.9,121.3,432.6,635.4,589.0,353.4,280.5,29.5,320.6,-276.6,2.0,42.8,110.2,-23.4,"3,099.0"
España,"2211 Generación, transmisión, distribución y comercialización de energía eléctrica",3.0,-43.9,5.7,0.7,18.6,50.4,276.6,162.7,211.2,452.9,271.3,-32.9,144.3,104.1,153.6,-16.9,76.4,C,"1,840.3"
España,2212 Suministro de gas natural por ductos al consumidor final,-54.1,185.3,251.1,7.0,111.2,71.0,C,463.8,374.4,-100.1,6.6,62.3,174.4,-380.7,-155.9,57.7,33.8,C,"1,235.3"
España,"2213 Captación, tratamiento y suministro de agua",C,C,C,C,0.0,0.0,2.7,8.9,C,C,C,C,C,0.0,C,C,0.0,0.0,23.4
España,23 Construcción,201.9,416.7,237.8,86.3,29.3,-99.2,767.6,87.1,230.5,"1,070.5",850.2,607.3,"1,006.9",504.9,-161.1,343.4,258.1,C,"6,889.2"
España,236 Edificación,54.3,132.8,177.7,53.4,33.4,2.4,1.8,-68.3,-13.0,12.0,28.5,10.5,15.2,51.6,11.4,0.0,C,0.0,505.2
España,2361 Edificación residencial,42.6,70.8,149.0,35.0,16.7,-2.6,0.2,-65.2,C,C,C,C,0.0,0.0,C,C,0.0,0.0,228.9
España,2362 Edificación no residencial,11.7,62.0,28.8,18.4,16.7,5.0,1.6,-3.1,0.1,17.1,27.8,10.5,15.2,51.5,11.4,C,C,0.0,276.3
España,237 Construcción de obras de ingeniería civil,131.7,249.8,58.1,22.4,-4.4,-102.0,740.8,173.7,241.6,"1,056.5",823.0,596.8,987.2,451.4,-175.1,345.5,256.6,C,"6,304.5"
España,"2371 Construcción de obras para el suministro de agua, petróleo, gas, energía eléctrica y telecomunicaciones",2.0,85.8,43.7,10.6,-2.3,-319.5,717.4,115.0,263.1,"1,050.9",805.7,516.0,910.0,358.4,-104.6,379.2,219.0,C,"5,501.1"
España,2372 División de terrenos y construcción de obras de urbanización,1.3,1.2,14.6,10.0,-1.0,-0.4,0.9,4.4,1.6,-1.4,7.2,C,-8.9,9.5,C,C,C,0.0,51.0
España,2373 Construcción de vías de comunicación,129.1,148.0,-0.6,3.9,C,C,C,26.5,C,0.0,0.0,8.6,C,0.0,C,C,C,0.0,329.4
España,2379 Otras construcciones de ingeniería civil,-0.7,C,C,-2.0,-1.1,216.9,21.2,27.9,-23.0,7.0,10.1,69.6,71.4,83.5,-71.4,-34.9,33.2,0.0,422.9
España,238 Trabajos especializados para la construcción,15.8,34.1,1.9,10.5,0.4,0.4,25.0,-18.3,1.9,2.0,-1.3,C,4.6,1.9,C,C,C,0.0,79.4
España,"2381Cimentaciones, montaje de estructuras prefabricadas y trabajos en exteriores",15.8,34.1,1.0,10.6,0.2,C,0.2,0.0,C,C,C,C,0.0,0.0,0.0,0.0,0.0,0.0,63.0
España,2382 Instalaciones y equipamiento en construcciones,C,0.0,C,C,0.2,0.0,24.8,5.1,0.0,-0.1,0.1,0.0,C,1.9,C,C,C,0.0,34.3
España,2383 Trabajos de acabados en edificaciones,0.0,0.0,0.0,0.0,0.0,C,0.0,C,C,0.0,0.0,0.0,C,0.0,0.0,0.0,C,0.0,0.1
España,2389 Otros trabajos especializados para la construcción,0.0,0.0,0.0,0.0,0.0,C,C,-23.4,1.8,0.0,0.0,0.0,3.6,0.0,0.0,0.0,0.0,0.0,-18.0
España,31-33 Industrias manufactureras,254.4,316.6,176.0,576.7,275.1,441.5,166.1,-435.3,85.6,37.1,188.9,375.7,197.3,206.5,102.2,122.1,99.6,7.2,"3,193.3"
España,311 Industria alimentaria,0.3,C,9.5,-0.4,-0.1,2.4,2.3,4.3,C,-0.2,C,C,-1.5,0.0,C,C,C,0.0,109.1
España,3111 Elaboración de alimentos para animales,C,C,C,-0.1,C,C,C,C,0.0,0.0,0.0,0.0,C,0.0,0.0,0.0,0.0,0.0,0.6
España,3112 Molienda de granos y de semillas y obtención de aceites y grasas,C,C,0.0,0.0,0.0,0.0,C,C,C,C,C,C,0.0,0.0,0.0,0.0,C,0.0,93.9
España,"3113 Elaboración de azúcares, chocolates, dulces y similares",0.0,0.0,0.0,0.0,C,0.0,0.0,0.0,0.0,0.0,0.0,0.0,0.0,0.0,0.0,0.0,0.0,0.0,C
España,"3114 Conservación de frutas, verduras, guisos y otros alimentos preparados",C,0.0,6.6,C,C,C,C,0.0,0.0,0.0,0.0,0.0,0.0,0.0,0.0,0.0,0.0,0.0,7.2
España,3115 Elaboración de productos lácteos,0.0,0.0,0.0,C,0.0,0.0,C,0.0,0.0,0.0,0.0,0.0,0.0,0.0,0.0,0.0,0.0,0.0,C
España,"3116 Matanza, empacado y procesamiento de carne de ganado, aves y otros animales comestibles",0.0,0.0,C,C,C,C,C,C,C,C,0.0,0.0,0.0,0.0,0.0,0.0,0.0,0.0,7.5
España,3119 Otras industrias alimentarias,0.0,0.0,0.0,C,0.0,0.0,0.0,0.0,0.0,C,C,0.0,-1.5,0.0,C,C,0.0,0.0,-0.1
España,312 Industria de las bebidas y del tabaco,7.7,C,C,45.9,9.7,C,C,C,C,-3.6,-9.7,219.3,C,C,5.3,C,C,0.0,588.9
España,3121 Industria de las bebidas,7.7,C,C,45.9,9.7,C,C,C,C,-3.6,-9.7,219.3,C,C,5.3,C,C,0.0,588.9
España,3122 Industria del tabaco,0.0,0.0,0.0,0.0,C,0.0,0.0,0.0,0.0,0.0,0.0,0.0,0.0,0.0,0.0,0.0,0.0,0.0,C
España,313 Fabricación de insumos textiles y acabado de textiles,C,C,C,C,C,C,C,C,C,C,C,C,C,C,C,C,0.0,0.0,78.3
España,"3131 Preparación e hilado de fibras textiles, y fabricación de hilos",C,0.0,0.0,0.0,C,C,C,0.0,0.0,C,0.0,C,0.0,C,C,C,0.0,0.0,C
España,3132 Fabricación de telas,0.0,C,C,C,0.0,0.0,0.0,0.0,0.0,0.0,0.0,0.0,0.0,0.0,0.0,0.0,0.0,0.0,0.0
España,3133 Acabado de productos textiles y fabricación de telas recubiertas,C,0.0,C,0.0,0.0,C,C,C,C,C,C,C,C,C,0.0,0.0,0.0,0.0,43.6
España,"314 Fabricación de productos textiles, excepto prendas de vestir",1.5,9.7,20.1,5.4,0.2,-0.4,C,C,0.0,C,0.0,0.0,0.0,0.0,0.0,0.0,0.0,0.0,42.2
España,"3141 Confección de alfombras, blancos y similares",1.4,9.7,20.1,5.4,-0.8,C,C,C,0.0,C,0.0,0.0,0.0,0.0,0.0,0.0,0.0,0.0,40.3
España,"3149 Fabricación de otros productos textiles, excepto prendas de vestir",C,0.0,0.0,0.0,C,C,C,0.0,0.0,0.0,0.0,0.0,0.0,0.0,0.0,0.0,0.0,0.0,1.9
España,315 Fabricación de prendas de vestir,C,C,C,0.0,0.0,0.0,2.9,C,C,9.8,C,C,0.0,9.6,C,C,C,0.0,25.1
España,3151 Fabricación de prendas de vestir de tejido de punto,0.0,C,C,0.0,0.0,0.0,0.0,0.0,0.0,C,C,C,0.0,0.0,0.0,0.0,0.0,0.0,14.6
España,3152 Confección de prendas de vestir,C,0.0,0.0,0.0,0.0,0.0,C,0.0,C,C,0.0,C,0.0,9.6,C,0.0,0.0,0.0,14.6
España,3159 Confección de accesorios de vestir y otras prendas de vestir no clasificados en otra parte,0.0,0.0,0.0,0.0,0.0,0.0,C,C,0.0,C,0.0,0.0,0.0,0.0,C,C,C,0.0,-4.1
España,"316 Curtido y acabado de cuero y piel, y fabricación de productos de cuero, piel y materiales sucedáneos",0.0,0.0,0.0,0.0,0.0,0.0,C,0.0,0.0,C,0.0,0.0,0.0,0.0,0.0,0.0,0.0,0.0,0.0
España,3161 Curtido y acabado de cuero y piel,0.0,0.0,0.0,0.0,0.0,0.0,C,0.0,0.0,0.0,0.0,0.0,0.0,0.0,0.0,0.0,0.0,0.0,C
España,3162 Fabricación de calzado,0.0,0.0,0.0,0.0,0.0,0.0,0.0,0.0,0.0,C,0.0,0.0,0.0,0.0,0.0,0.0,0.0,0.0,C
España,321 Industria de la madera,0.0,0.0,C,0.0,C,0.0,0.0,0.0,C,0.0,C,C,C,0.0,0.0,C,C,0.0,0.1
España,3212 Fabricación de laminados y aglutinados de madera,0.0,0.0,C,0.0,0.0,0.0,0.0,0.0,0.0,0.0,0.0,0.0,0.0,0.0,0.0,0.0,0.0,0.0,C
España,3219 Fabricación de otros productos de madera,0.0,0.0,0.0,0.0,C,0.0,0.0,0.0,C,0.0,C,C,C,0.0,0.0,C,C,0.0,0.1
España,322 Industria del papel,C,0.0,C,C,C,C,C,0.0,0.0,0.0,0.0,C,0.0,C,12.7,0.0,C,0.0,37.4
España,"3221 Fabricación de pulpa, papel y cartón",0.0,0.0,0.0,0.0,C,0.0,C,0.0,0.0,0.0,0.0,C,0.0,C,C,0.0,C,0.0,15.2
España,3222 Fabricación de productos de cartón y papel,C,0.0,C,C,C,C,C,0.0,0.0,0.0,0.0,0.0,0.0,0.0,11.6,0.0,0.0,0.0,22.2
España,323 Impresión e industrias conexas,3.1,3.7,3.7,3.5,0.0,2.3,2.0,0.7,0.0,C,0.0,C,C,C,C,C,C,0.0,32.9
España,3231 Impresión e industrias conexas,3.1,3.7,3.7,3.5,0.0,2.3,2.0,0.7,0.0,C,0.0,C,C,C,C,C,C,0.0,32.9
España,324 Fabricación de productos derivados del petróleo y del carbón,C,0.0,0.0,0.0,0.0,0.0,0.0,0.0,0.0,0.0,0.0,0.0,0.0,C,C,0.0,0.0,0.0,C
España,3241 Fabricación de productos derivados del petróleo y del carbón,C,0.0,0.0,0.0,0.0,0.0,0.0,0.0,0.0,0.0,0.0,0.0,0.0,C,C,0.0,0.0,0.0,C
España,325 Industria química,17.3,13.3,5.5,-1.9,84.1,70.2,75.9,-8.2,38.5,-2.1,5.8,0.2,7.3,1.5,-0.4,-4.7,33.5,C,341.0
España,3251 Fabricación de productos químicos básicos,C,C,0.0,C,0.0,C,0.0,0.0,0.0,C,C,0.0,C,C,0.0,0.0,C,0.0,6.8
España,"3252 Fabricación de resinas y hules sintéticos, y fibras químicas",0.0,0.0,0.0,0.0,0.0,0.0,0.0,0.0,0.0,0.0,0.0,0.0,0.0,0.0,0.0,C,0.0,0.0,C
España,"3253 Fabricación de fertilizantes, pesticidas y otros agroquímicos",C,0.0,0.0,0.0,C,0.0,0.0,C,0.0,0.0,0.0,C,0.0,0.0,C,C,0.0,0.0,-1.0
España,3254 Fabricación de productos farmacéuticos,6.0,4.6,-1.6,0.2,84.0,61.7,74.9,-8.9,14.0,C,0.0,C,8.8,C,1.6,C,C,0.0,251.2
España,"3255 Fabricación de pinturas, recubrimientos y adhesivos",C,C,0.2,-2.1,0.0,C,C,0.0,C,0.0,C,0.0,0.0,0.0,0.0,0.0,0.0,0.0,8.6
España,"3256 Fabricación de jabones, limpiadores y preparaciones de tocador",11.0,8.3,C,0.0,0.0,0.0,C,0.7,C,C,0.0,0.0,0.0,C,0.0,C,C,0.0,93.0
España,3259 Fabricación de otros productos químicos,C,0.0,0.0,0.0,0.0,C,C,0.0,0.0,0.0,0.0,C,C,C,C,C,C,C,-2.3
España,326 Industria del plástico y del hule,C,7.0,10.9,6.5,44.3,5.7,31.4,-4.5,-0.1,-61.2,C,13.2,-4.7,-2.3,22.9,20.0,-1.0,0.0,94.0
España,3261 Fabricación de productos de plástico,C,7.0,10.9,6.5,44.3,5.6,31.8,-4.8,-1.5,-61.2,C,13.2,-4.7,-2.3,22.9,20.0,-1.0,0.0,92.5
España,3262 Fabricación de productos de hule,0.0,0.0,0.0,0.0,0.0,C,C,C,C,0.0,0.0,0.0,0.0,0.0,0.0,0.0,0.0,0.0,C
España,327 Fabricación de productos a base de minerales no metálicos,0.5,C,0.8,1.3,1.3,3.2,C,1.3,C,9.0,C,C,C,C,C,19.4,C,0.0,89.0
España,3271 Fabricación de productos a base de arcillas y minerales refractarios,0.5,C,0.8,C,C,C,0.0,C,C,C,C,C,C,C,C,C,C,0.0,53.8
España,3272 Fabricación de vidrio y productos de vidrio,0.0,0.0,0.0,0.0,0.0,0.0,0.0,C,C,C,C,C,0.0,0.0,0.0,0.0,0.0,0.0,C
España,3273 Fabricación de cemento y productos de concreto,C,C,0.0,C,0.0,0.0,0.0,0.0,0.0,0.0,0.0,0.0,0.0,0.0,0.0,C,0.0,0.0,1.0
España,3279 Fabricación de otros productos a base de minerales no metálicos,0.0,0.0,0.0,C,C,C,C,C,0.0,C,0.0,0.0,0.0,0.0,0.0,0.0,0.0,0.0,4.0
España,331 Industrias metálicas básicas,C,0.0,C,C,0.0,0.0,3.7,2.9,C,C,0.0,C,5.6,0.0,0.0,0.0,0.0,C,22.6
España,3311 Industria básica del hierro y del acero,C,0.0,C,C,0.0,0.0,C,C,C,0.0,0.0,0.0,0.0,0.0,0.0,0.0,0.0,0.0,9.8
España,3312 Fabricación de productos de hierro y acero,C,0.0,0.0,C,0.0,0.0,C,C,0.0,C,0.0,C,5.6,0.0,0.0,0.0,0.0,0.0,12.0
España,3313 Industria básica del aluminio,0.0,0.0,C,0.0,0.0,0.0,C,0.0,0.0,0.0,0.0,0.0,0.0,0.0,0.0,0.0,0.0,0.0,C
España,3315 Moldeo por fundición de piezas metálicas,0.0,0.0,0.0,0.0,0.0,0.0,C,0.0,0.0,0.0,0.0,0.0,0.0,0.0,0.0,0.0,0.0,C,C
España,332 Fabricación de productos metálicos,C,5.5,9.7,C,3.9,5.2,2.4,5.4,5.9,2.3,C,C,0.0,-0.7,0.0,C,C,0.0,58.0
España,3321 Fabricación de productos metálicos forjados y troquelados,0.0,0.0,0.0,0.0,0.0,C,0.0,C,C,C,0.0,0.0,0.0,0.0,0.0,0.0,0.0,0.0,0.2
España,3322 Fabricación de herramientas de mano sin motor y utensilios de cocina metálicos,0.0,0.0,0.0,0.0,C,C,C,C,C,0.0,C,0.0,0.0,0.0,0.0,0.0,0.0,0.0,C
España,3323 Fabricación de estructuras metálicas y productos de herrería,0.0,4.6,C,C,C,0.0,C,0.0,C,C,0.0,0.0,C,0.0,0.0,C,C,0.0,12.4
España,"3324 Fabricación de calderas, tanques y envases metálicos",0.0,0.0,0.0,0.0,C,0.0,0.0,0.0,0.0,0.0,0.0,0.0,0.0,C,0.0,0.0,0.0,0.0,C
España,3325 Fabricación de herrajes y cerraduras,0.0,0.0,0.0,0.0,C,0.0,0.0,0.0,0.0,0.0,0.0,C,0.0,0.0,0.0,0.0,0.0,0.0,C
España,"3326 Fabricación de alambre, productos de alambre y resortes",0.0,0.0,0.0,0.0,0.0,0.0,0.0,0.0,C,C,C,0.0,C,C,0.0,0.0,C,0.0,C
España,3327 Maquinado de piezas y fabricación de tornillos,C,C,0.0,C,0.0,0.0,C,0.0,0.0,C,0.0,C,0.0,0.0,0.0,C,0.0,0.0,0.1
España,3328 Recubrimientos y terminados metálicos,0.0,0.0,0.0,0.0,0.0,C,C,C,C,0.0,0.0,0.0,0.0,C,0.0,0.0,0.0,0.0,C
España,3329 Fabricación de otros productos metálicos,0.0,0.2,6.4,0.0,C,C,0.0,C,C,C,0.0,0.0,0.0,C,0.0,0.0,0.0,0.0,7.0
España,333 Fabricación de maquinaria y equipo,15.6,9.7,0.3,483.5,0.0,0.1,4.1,-479.4,7.5,9.5,3.4,3.6,C,4.3,-1.0,-8.7,C,0.0,65.0
España,"3331 Fabricación de maquinaria y equipo agropecuario, para la construcción y para la industria extractiva",0.0,0.0,C,C,0.0,C,0.0,C,C,0.1,C,C,0.0,3.9,C,C,0.0,0.0,4.5
España,"3332 Fabricación de maquinaria y equipo para las industrias manufactureras, excepto la metalmecánica",14.3,10.5,0.2,0.1,C,0.0,4.0,0.1,-0.2,C,0.0,C,0.0,0.0,C,C,C,0.0,27.3
España,3333 Fabricación de maquinaria y equipo para el comercio y los servicios,1.2,C,0.0,0.0,C,C,C,C,0.0,C,0.0,C,0.0,0.0,0.0,0.0,0.0,0.0,0.6
España,"3334 Fabricación de equipo de aire acondicionado, calefacción, y de refrigeración industrial y comercial",0.0,0.0,0.1,0.0,0.0,C,C,C,0.0,0.0,-1.0,C,0.0,0.0,C,C,0.0,0.0,-8.6
España,3335 Fabricación de maquinaria y equipo para la industria metalmecánica,0.0,0.0,0.0,0.0,0.0,0.0,C,C,C,C,C,C,C,C,C,0.0,0.0,0.0,42.3
España,"3336 Fabricación de motores de combustión interna, turbinas y transmisiones",0.0,0.0,0.0,C,0.0,0.0,0.0,C,0.0,C,0.0,0.0,0.0,0.0,0.0,C,0.0,0.0,-7.3
España,3339 Fabricación de otra maquinaria y equipo para la industria en general,C,C,0.0,0.0,0.0,C,0.0,C,0.0,C,0.0,C,0.0,0.0,0.0,C,C,0.0,6.3
España,"334 Fabricación de equipo de computación, comunicación, medición y de otros equipos, componentes y accesorios electrónicos",2.3,0.3,19.9,-0.4,-2.9,-3.3,C,0.5,-11.7,0.0,C,0.0,C,0.0,0.0,0.0,0.0,0.0,-15.0
España,3341 Fabricación de computadoras y equipo periférico,0.1,0.2,C,0.1,0.0,0.0,0.0,C,0.0,C,0.0,C,0.0,C,0.0,0.0,0.0,0.0,0.6
España,3342 Fabricación de equipo de comunicación,0.0,C,-0.7,C,-2.9,-3.4,C,0.5,C,C,0.0,0.0,0.0,0.0,0.0,0.0,0.0,0.0,-38.4
España,3343 Fabricación de equipo de audio y de video,0.0,0.0,0.0,0.0,0.0,0.0,0.0,0.0,0.0,0.0,C,0.0,0.0,0.0,0.0,0.0,0.0,0.0,C
España,3344 Fabricación de componentes electrónicos,0.0,0.0,0.0,0.0,0.0,0.1,0.0,C,C,C,0.0,C,0.0,C,0.0,0.0,0.0,0.0,0.1
España,"3345 Fabricación de instrumentos de medición, control, navegación, y equipo médico electrónico",C,0.0,20.5,C,C,0.0,0.0,0.0,C,0.0,0.0,0.0,C,C,0.0,0.0,0.0,0.0,22.7
España,3346 Fabricación y reproducción de medios magnéticos y ópticos,0.0,0.0,0.0,0.0,0.0,C,0.0,0.0,0.0,0.0,0.0,0.0,0.0,0.0,0.0,0.0,0.0,0.0,C
España,"335 Fabricación de accesorios, aparatos eléctricos y equipo de generación de energía eléctrica",41.5,25.4,15.2,4.5,0.0,17.7,6.6,2.5,-6.7,-9.5,-2.9,11.8,13.9,15.2,13.1,C,7.2,C,157.2
España,3351 Fabricación de accesorios de iluminación,C,C,0.0,0.0,0.0,0.0,0.0,0.0,0.0,0.0,0.0,0.0,0.0,C,0.0,0.0,0.0,0.0,C
España,3352 Fabricación de aparatos eléctricos de uso doméstico,C,28.9,C,C,0.0,C,C,C,C,C,C,C,0.0,C,0.0,0.0,0.0,0.0,81.3
España,3353 Fabricación de equipo de generación y distribución de energía eléctrica,0.0,0.0,C,C,C,C,-0.2,C,0.0,-0.1,0.0,8.4,13.7,C,C,0.0,C,0.0,28.7
España,3359 Fabricación de otros equipos y accesorios eléctricos,0.7,0.0,C,C,C,5.5,C,8.2,C,C,C,C,C,9.7,10.8,C,C,C,45.3
España,336 Fabricación de equipo de transporte,151.8,168.2,88.5,13.1,134.7,11.2,45.0,24.3,21.5,59.7,149.3,77.6,94.2,176.2,32.4,109.4,34.4,C,"1,392.2"
España,3361 Fabricación de automóviles y camiones,0.0,0.0,0.0,C,0.0,0.0,0.0,0.0,0.0,0.0,0.0,0.0,C,0.0,0.0,0.0,0.0,0.0,C
España,3362 Fabricación de carrocerías y remolques,0.0,0.0,0.0,C,0.0,C,0.0,C,C,0.0,0.0,C,C,C,0.0,0.0,C,0.0,2.0
España,3363 Fabricación de partes para vehículos automotores,151.8,166.9,76.5,6.8,128.0,1.4,6.9,0.9,9.4,55.9,149.3,80.4,87.2,174.7,30.8,109.5,36.1,C,"1,273.3"
España,3364 Fabricación de equipo aeroespacial,0.0,1.3,12.0,1.2,6.7,12.7,C,C,C,C,0.0,0.0,C,C,C,C,C,0.0,116.8
España,"337 Fabricación de muebles, colchones y persianas",C,0.4,0.3,1.1,C,C,C,0.8,C,C,C,C,0.0,0.0,0.0,0.0,0.0,C,4.3
España,"3371 Fabricación de muebles, excepto de oficina y estantería",C,0.4,C,1.1,C,C,C,C,C,C,0.0,0.0,0.0,0.0,0.0,0.0,0.0,C,4.3
España,3372 Fabricación de muebles de oficina y estantería,0.0,0.0,0.0,0.0,0.0,0.0,0.0,C,0.0,0.0,C,0.0,0.0,0.0,0.0,0.0,0.0,0.0,C
España,"3379 Fabricación de colchones, persianas y cortineros",0.0,0.0,C,0.0,0.0,C,0.0,0.0,0.0,0.0,0.0,C,0.0,0.0,0.0,0.0,0.0,0.0,C
España,339 Otras industrias manufactureras,3.4,4.4,-21.0,2.1,C,6.7,0.0,0.6,0.1,C,10.2,23.9,13.1,C,C,0.0,C,C,68.6
España,"3391 Fabricación de equipo no electrónico y material desechable de uso médico, dental y para laboratorio, y artículos oftálmicos",0.0,0.0,0.0,0.0,0.0,0.0,0.0,0.0,0.0,C,0.0,0.0,0.0,0.0,0.0,0.0,0.0,0.0,C
España,3399 Otras industrias manufactureras,3.4,4.4,-21.0,2.1,C,6.7,0.0,0.6,0.1,C,10.2,23.9,13.1,C,C,0.0,C,C,68.6
España,43 Comercio al por mayor,5.4,69.9,55.9,-31.3,-23.2,23.5,15.7,31.2,20.6,22.5,5.7,17.4,-144.4,26.0,22.1,1.0,12.1,0.4,130.5
España,"431 Comercio al por mayor de abarrotes, alimentos, bebidas, hielo y tabaco",0.4,1.4,-0.1,0.4,0.2,2.8,0.5,1.3,0.1,0.0,0.0,2.5,6.1,21.8,C,C,C,0.0,44.2
España,4311 Comercio al por mayor de abarrotes y alimentos,0.4,1.3,-0.1,0.0,0.1,2.8,0.5,1.3,0.1,0.0,0.0,2.5,8.4,21.8,C,C,C,0.0,46.0
España,"4312 Comercio al por mayor de bebidas, hielo y tabaco",C,0.0,C,0.4,C,0.0,0.0,0.0,C,0.0,0.0,C,-2.3,C,0.0,C,0.0,0.0,-1.8
España,432 Comercio al por mayor de productos textiles y calzado,-3.3,-12.5,-9.1,-7.6,1.6,C,0.7,0.8,C,3.1,-1.3,-2.9,-0.2,C,8.3,C,C,C,-2.4
España,4321 Comercio al por mayor de productos textiles y calzado,-3.3,-12.5,-9.1,-7.6,1.6,C,0.7,0.8,C,3.1,-1.3,-2.9,-0.2,C,8.3,C,C,C,-2.4
España,"433 Comercio al por mayor de productos farmacéuticos, de perfumería, artículos para el esparcimiento, electrodomésticos menores y aparatos de línea blanca",8.6,14.4,25.1,3.4,0.3,15.2,15.4,10.5,-4.2,9.8,6.5,16.0,-2.5,-4.1,C,-2.6,6.2,C,132.8
España,4331 Comercio al por mayor de productos farmacéuticos,1.6,6.8,12.3,0.2,0.2,0.5,0.8,C,0.0,C,-1.9,C,C,C,0.0,C,C,C,40.4
España,"4332 Comercio al por mayor de artículos de perfumería, cosméticos y joyería",9.7,5.8,10.9,-0.6,-0.4,9.3,8.6,2.5,-10.0,1.5,C,0.0,0.0,C,C,C,0.0,0.0,43.0
España,"4333 Comercio al por mayor de discos, juguetes y artículos deportivos",C,C,3.4,C,C,C,C,C,C,2.7,C,C,C,C,C,C,C,0.0,53.2
España,"4334 Comercio al por mayor de artículos de papelería, libros, revistas y periódicos",0.0,0.0,0.0,0.0,0.0,0.0,C,C,C,C,0.0,0.0,C,0.0,0.0,C,C,0.0,0.1
España,4335 Comercio al por mayor de electrodomésticos menores y aparatos de línea blanca,-2.9,0.7,-1.5,C,C,0.0,C,C,0.0,C,0.0,0.0,C,C,0.0,0.0,0.0,0.0,-3.9
España,"434 Comercio al por mayor de materias primas agropecuarias y forestales, para la industria, y materiales de desecho",0.6,0.0,0.4,1.5,0.0,0.8,5.0,2.7,0.1,2.9,0.3,1.8,-150.4,1.9,C,1.9,C,C,-130.1
España,4341 Comercio al por mayor de materias primas agropecuarias y forestales,0.0,C,C,C,C,C,0.0,C,C,0.0,0.0,0.0,C,C,C,C,C,C,0.3
España,4342 Comercio al por mayor de materias primas para la industria,0.6,0.0,0.4,1.5,0.0,0.8,5.0,1.7,0.1,2.9,0.3,1.8,-150.4,0.0,C,1.9,C,0.0,-133.3
España,4343 Comercio al por mayor de materiales de desecho,0.0,C,C,C,0.0,0.0,C,C,0.0,0.0,C,0.0,C,C,0.0,0.0,0.0,0.0,2.9
España,"435 Comercio al por mayor de maquinaria, equipo y mobiliario para actividades agropecuarias, industriales, de servicios y comerciales, y de otra maquinaria y equipo de uso general",-0.9,11.2,10.3,15.7,-5.6,2.6,-6.0,13.8,10.9,2.3,0.0,0.0,0.5,4.7,-3.8,0.4,0.1,0.0,56.3
España,"4351 Comercio al por mayor de maquinaria y equipo agropecuario, forestal y para la pesca",C,0.0,C,C,0.0,0.0,C,C,C,C,0.0,C,0.0,0.0,0.0,0.0,0.0,0.0,-1.3
España,4352 Comercio al por mayor de maquinaria y equipo para la industria,-0.4,8.0,0.7,12.1,1.3,2.9,-0.3,10.6,1.6,0.0,C,C,C,C,-3.5,0.4,C,0.0,38.2
España,4353 Comercio al por mayor de maquinaria y equipo para los servicios y para actividades comerciales,-0.4,1.7,7.1,3.3,-6.3,-0.8,-0.9,2.1,11.8,2.7,0.0,C,0.5,C,0.0,0.0,0.0,0.0,20.8
España,"4354 Comercio al por mayor de mobiliario y equipo de cómputo y de oficina, y de otra maquinaria y equipo de uso general",3.5,1.5,0.3,0.2,-0.5,0.5,-4.8,1.1,-2.6,-0.4,C,0.0,C,C,C,C,C,0.0,-1.5
España,"436 Comercio al por mayor de camiones y de partes y refacciones nuevas para automóviles, camionetas y camiones",0.0,55.3,29.2,C,C,0.0,0.0,0.0,0.0,0.0,0.0,0.0,0.0,0.0,0.0,C,0.0,0.0,18.2
España,"4361 Comercio al por mayor de camiones y de partes y refacciones nuevas para automóviles, camionetas y camiones",0.0,55.3,29.2,C,C,0.0,0.0,0.0,0.0,0.0,0.0,0.0,0.0,0.0,0.0,C,0.0,0.0,18.2
España,437 Intermediación de comercio al por mayor,0.0,0.0,0.0,C,0.0,0.1,0.0,2.1,2.7,4.4,0.2,0.1,2.1,0.0,0.0,0.0,0.0,0.0,11.6
España,"4371 Intermediación de comercio al por mayor, excepto a través de internet y de otros medios electrónicos",0.0,0.0,0.0,C,C,C,0.0,0.8,0.1,0.0,C,0.0,2.1,0.0,0.0,0.0,0.0,0.0,3.2
España,4372 Intermediación de comercio al por mayor exclusivamente a través de internet y otros medios electrónicos,0.0,0.0,0.0,0.0,C,0.0,0.0,1.3,2.6,4.3,0.0,C,C,0.0,C,C,0.0,0.0,8.3
España,46 Comercio al por menor,0.4,0.6,3.2,-5.0,10.7,0.5,4.2,16.7,10.5,9.2,12.8,0.7,0.1,17.5,13.7,0.0,C,C,93.5
España,"461 Comercio al por menor de abarrotes, alimentos, bebidas, hielo y tabaco",0.0,0.0,C,0.0,0.0,0.3,0.3,C,0.0,0.0,0.0,C,C,C,0.0,0.0,0.0,0.0,1.0
España,4611 Comercio al por menor de abarrotes y alimentos,0.0,0.0,C,0.0,0.0,C,0.0,0.0,0.0,0.0,0.0,C,C,C,0.0,0.0,0.0,0.0,0.6
España,"4612 Comercio al por menor de bebidas, hielo y tabaco",0.0,0.0,0.0,0.0,0.0,C,0.3,C,0.0,0.0,0.0,0.0,0.0,0.0,0.0,0.0,0.0,0.0,0.4
España,"463 Comercio al por menor de productos textiles, bisutería, accesorios de vestir y calzado",0.0,0.0,0.0,C,C,0.1,C,5.7,17.4,5.1,C,C,0.0,C,11.1,C,0.0,0.0,44.8
España,"4631 Comercio al por menor de productos textiles, excepto ropa",0.0,0.0,0.0,C,0.0,0.0,0.0,0.0,C,0.0,0.0,0.0,0.0,0.0,0.0,0.0,0.0,0.0,C
España,"4632 Comercio al por menor de ropa, bisutería y accesorios de vestir",0.0,0.0,0.0,0.0,C,0.1,C,5.7,C,5.1,C,C,0.0,C,11.1,C,0.0,0.0,44.8
España,464 Comercio al por menor de artículos para el cuidado de la salud,C,C,0.0,C,0.0,C,C,C,0.0,C,C,0.0,C,0.0,0.0,C,0.0,0.0,0.1
España,4641 Comercio al por menor de artículos para el cuidado de la salud,C,C,0.0,C,0.0,C,C,C,0.0,C,C,0.0,C,0.0,0.0,C,0.0,0.0,0.1
España,"465 Comercio al por menor de artículos de papelería, para el esparcimiento y otros artículos de uso personal",C,-1.3,2.3,-5.3,2.7,-0.7,4.9,0.3,-2.7,C,C,C,0.1,C,0.0,C,C,C,-5.3
España,4651 Comercio al por menor de artículos de perfumería y joyería,0.0,C,C,C,C,0.0,C,C,C,0.0,C,0.0,0.1,C,0.0,0.0,C,0.0,0.6
España,4652 Comercio al por menor de artículos para el esparcimiento,0.0,0.0,C,0.0,C,0.0,C,0.0,0.0,0.0,0.0,0.0,C,0.0,0.0,0.0,0.0,C,-5.9
España,"4653 Comercio al por menor de artículos de papelería, libros, revistas y periódicos",0.0,C,C,C,C,C,0.0,0.0,0.0,C,0.0,C,0.0,0.0,0.0,0.0,0.0,0.0,-0.6
España,"4659 Comercio al por menor de mascotas, regalos, artículos religiosos, desechables, artesanías y otros artículos de uso personal",C,C,C,C,C,C,C,0.3,-2.7,C,0.0,C,0.0,0.0,0.0,C,0.0,0.0,0.6
España,"466 Comercio al por menor de enseres domésticos, computadoras, artículos para la decoración de interiores y artículos usados",0.0,0.0,0.0,C,1.5,-1.0,-2.7,-0.7,C,0.0,C,0.0,C,0.1,C,C,C,0.0,-0.9
España,4661 Comercio al por menor de muebles para el hogar y otros enseres domésticos,0.0,0.0,0.0,C,0.0,C,0.0,C,0.0,C,0.0,0.0,C,C,0.0,C,0.0,0.0,0.0
España,"4662 Comercio al por menor de mobiliario, equipo y accesorios de cómputo, teléfonos y otros aparatos de comunicación",0.0,0.0,0.0,0.0,1.5,-1.0,-2.7,-0.8,C,C,C,0.0,0.0,C,C,0.0,C,0.0,-1.0
España,4663 Comercio al por menor de artículos para la decoración de interiores,0.0,0.0,0.0,C,C,C,0.0,0.0,0.0,C,0.0,0.0,0.0,C,0.0,0.0,0.0,0.0,0.1
España,"467 Comercio al por menor de artículos de ferretería, tlapalería y vidrios",C,0.0,0.0,C,0.0,0.0,C,C,C,0.0,0.0,C,0.0,C,0.0,0.0,0.0,0.0,3.1
España,"4671 Comercio al por menor de artículos de ferretería, tlapalería y vidrios",C,0.0,0.0,C,0.0,0.0,C,C,C,0.0,0.0,C,0.0,C,0.0,0.0,0.0,0.0,3.1
España,"468 Comercio al por menor de vehículos de motor, refacciones, combustibles y lubricantes",0.0,C,0.6,C,2.6,C,C,11.3,-2.4,C,C,C,0.0,9.4,C,0.0,0.0,0.0,35.9
España,4681 Comercio al por menor de automóviles y camionetas,0.0,0.0,0.0,0.0,0.0,0.0,0.0,0.0,0.0,0.0,0.0,C,0.0,C,0.0,0.0,0.0,0.0,C
España,"4682 Comercio al por menor de partes y refacciones para automóviles, camionetas y camiones",0.0,0.0,C,0.0,2.5,C,C,11.3,C,C,C,C,C,C,C,0.0,0.0,0.0,37.5
España,4683 Comercio al por menor de motocicletas y otros vehículos de motor,0.0,0.0,C,0.0,0.0,0.0,0.0,C,C,0.0,0.0,0.0,C,0.0,0.0,0.0,0.0,0.0,0.0
España,"4684 Comercio al por menor de combustibles, aceites y grasas lubricantes",0.0,C,C,C,C,C,C,0.0,-4.5,0.0,0.0,0.0,C,C,0.0,0.0,0.0,0.0,-1.6
España,"469 Comercio al por menor exclusivamente a través de internet, y catálogos impresos, televisión y similares",0.0,0.0,0.0,C,C,C,C,0.0,0.0,0.0,0.0,0.0,0.0,C,0.0,0.0,0.0,0.0,14.7
España,"4691 Comercio al por menor exclusivamente a través de internet, y catálogos impresos, televisión y similares",0.0,0.0,0.0,C,C,C,C,0.0,0.0,0.0,0.0,0.0,0.0,C,0.0,0.0,0.0,0.0,14.7
España,"48-49 Transporte, correos y almacenamiento",0.3,0.1,2.6,0.1,0.2,0.7,65.5,78.8,0.7,25.7,20.3,18.1,-12.0,4.6,C,-5.7,C,0.0,209.3
España,481 Transporte aéreo,0.0,C,0.0,0.0,0.0,0.0,0.0,0.0,0.0,0.0,0.0,0.0,0.0,0.0,0.0,0.0,0.0,0.0,C
España,4811 Transporte aéreo regular,0.0,C,0.0,0.0,0.0,0.0,0.0,0.0,0.0,0.0,0.0,0.0,0.0,0.0,0.0,0.0,0.0,0.0,C
España,483 Transporte por agua,0.0,0.0,C,0.0,0.0,0.0,0.0,0.0,0.0,0.0,0.0,0.0,C,0.0,0.0,0.0,0.0,0.0,C
España,4831 Transporte marítimo,0.0,0.0,C,0.0,0.0,0.0,0.0,0.0,0.0,0.0,0.0,0.0,C,0.0,0.0,0.0,0.0,0.0,C
España,"485 Transporte terrestre de pasajeros, excepto por ferrocarril",0.0,0.0,0.0,0.0,0.0,0.0,0.0,0.0,0.0,0.0,C,0.0,0.0,0.0,0.0,C,0.0,0.0,C
España,4859 Otro Transporte terrestre de pasajeros,0.0,0.0,0.0,0.0,0.0,0.0,0.0,0.0,0.0,0.0,C,0.0,0.0,0.0,0.0,C,0.0,0.0,C
España,486 Transporte por ductos,0.0,0.0,0.0,0.0,0.0,C,C,78.2,0.0,C,C,C,C,0.0,0.0,C,0.0,0.0,180.1
España,4862 Transporte de gas natural por ductos,0.0,0.0,0.0,0.0,0.0,C,C,78.2,0.0,C,C,C,C,0.0,0.0,C,0.0,0.0,180.1
España,488 Servicios relacionados con el transporte,C,0.1,2.6,C,0.2,-1.3,0.6,0.6,C,0.0,C,0.1,0.0,4.6,C,C,0.0,0.0,28.2
España,4881 Servicios relacionados con el transporte aéreo,0.0,0.0,0.0,0.0,0.0,0.0,C,C,0.0,0.0,0.0,0.0,0.0,0.0,0.0,0.0,0.0,0.0,C
España,4883 Servicios relacionados con el transporte por agua,0.0,C,C,C,0.0,0.0,0.0,C,C,C,C,C,C,C,C,C,0.0,0.0,27.5
España,4884 Servicios relacionados con el transporte por carretera,0.0,C,0.0,0.0,0.0,0.0,C,0.0,0.0,0.0,0.0,0.0,0.0,0.0,0.0,0.0,0.0,0.0,C
España,4885 Servicios de intermediación para el transporte de carga,C,0.1,C,C,0.2,C,0.6,C,0.0,C,0.0,C,C,C,C,0.0,0.0,0.0,0.4
España,4889 Otros servicios relacionados con el transporte,C,0.0,0.0,0.0,C,C,C,C,C,C,0.0,C,C,0.0,0.0,C,0.0,0.0,0.3
España,492 Servicios de mensajería y paquetería,0.0,0.0,0.0,C,0.0,0.0,C,C,0.0,0.0,C,C,0.0,0.0,0.0,0.0,C,0.0,0.1
España,4921 Servicios de mensajería y paquetería foránea,0.0,0.0,0.0,C,0.0,0.0,C,0.0,0.0,0.0,C,C,0.0,0.0,0.0,0.0,C,0.0,0.1
España,4922 Servicios de mensajería y paquetería local,0.0,0.0,0.0,0.0,0.0,0.0,0.0,C,0.0,0.0,0.0,0.0,0.0,0.0,0.0,0.0,0.0,0.0,C
España,493 Servicios de almacenamiento,C,0.0,0.0,0.0,0.0,0.0,0.0,C,C,0.0,0.0,0.0,0.0,0.0,0.0,0.0,0.0,0.0,0.8
España,4931 Servicios de almacenamiento,C,0.0,0.0,0.0,0.0,0.0,0.0,C,C,0.0,0.0,0.0,0.0,0.0,0.0,0.0,0.0,0.0,0.8
España,51 Información en medios masivos,-123.5,431.9,367.9,299.5,"2,168.1",44.0,189.9,"1,171.8",231.4,241.3,768.0,266.2,682.0,312.7,493.3,353.6,-23.8,C,"7,855.8"
España,"511 Edición de periódicos, revistas, libros, software y otros materiales, y edición de estas publicaciones integrada con la impresión",2.8,1.3,4.5,C,7.3,127.6,3.9,21.4,3.8,56.5,10.2,C,C,C,C,C,C,0.0,258.0
España,"5111 Edición de periódicos, revistas, libros y similares, y edición de estas publicaciones integrada con la impresión",C,0.0,0.0,0.0,0.0,C,-0.3,0.8,0.0,C,0.0,0.0,0.0,C,0.0,0.0,0.0,0.0,-0.1
España,5112 Edición de software y edición de software integrada con la reproducción,C,1.3,4.5,C,7.3,127.3,4.2,20.6,3.8,C,10.2,C,C,C,C,C,C,0.0,258.1
España,"512 Industria fílmica y del video, e industria del sonido",3.5,8.3,4.9,3.7,4.3,2.9,-34.6,-8.9,-3.8,C,-0.3,10.1,43.8,0.0,C,C,0.0,0.0,54.3
España,5121 Industria fílmica y del video,3.5,8.3,4.9,3.7,4.3,2.9,-34.6,-8.9,-3.8,C,-0.3,10.1,43.8,0.0,C,C,0.0,0.0,54.3
España,5122 Industria del sonido,0.0,0.0,0.0,0.0,0.0,0.0,0.0,C,0.0,0.0,0.0,0.0,C,0.0,0.0,0.0,0.0,0.0,C
España,515 Radio y televisión,C,0.0,0.0,C,0.0,0.0,0.0,0.0,0.0,C,C,0.0,0.0,0.0,0.0,0.0,0.0,0.0,0.0
España,5151 Transmisión de programas de radio y televisión,C,0.0,0.0,C,0.0,0.0,0.0,0.0,0.0,0.0,0.0,0.0,0.0,0.0,0.0,0.0,0.0,0.0,C
España,5152 Producción de programación de canales para sistemas de televisión por cable o satelitales,C,0.0,0.0,0.0,0.0,0.0,0.0,0.0,0.0,C,C,0.0,0.0,0.0,0.0,0.0,0.0,0.0,0.0
España,517 Telecomunicaciones,-134.7,418.6,354.6,296.1,"2,151.3",-86.6,228.4,"1,156.5",231.3,183.0,759.2,247.3,600.9,320.7,471.2,341.7,0.5,C,"7,521.3"
España,5173 Operadores de servicios de telecomunicaciones alámbricas e inalámbricas,-134.7,418.6,354.6,296.1,"2,151.3",-86.6,228.4,"1,156.3",231.3,181.4,751.5,252.8,562.7,315.1,459.5,C,C,C,"7,455.4"
España,5174 Operadores de servicios de telecomunicaciones vía satélite,0.0,0.0,0.0,0.0,0.0,0.0,0.0,0.0,0.0,C,C,C,C,0.0,0.0,C,C,0.0,C
España,5179 Otros servicios de telecomunicaciones,0.0,0.0,0.0,0.0,C,0.0,C,C,0.0,0.0,C,C,30.2,5.6,11.8,7.8,C,0.0,57.1
España,"518 Procesamiento electrónico de información, hospedaje y otros servicios relacionados",0.0,0.0,0.0,0.0,0.0,C,C,2.2,0.0,0.0,0.0,C,0.0,2.9,C,0.0,0.0,0.0,-4.5
España,"5182 Procesamiento electrónico de información, hospedaje y otros servicios relacionados",0.0,0.0,0.0,0.0,0.0,C,C,2.2,0.0,0.0,0.0,C,0.0,2.9,C,0.0,0.0,0.0,-4.5
España,519 Otros servicios de información,4.9,3.7,3.9,0.1,5.2,1.8,3.3,0.6,0.0,1.8,-1.0,C,-1.3,C,C,C,0.0,0.0,26.7
España,5191 Otros servicios de información,4.9,3.7,3.9,0.1,5.2,1.8,3.3,0.6,0.0,1.8,-1.0,C,-1.3,C,C,C,0.0,0.0,26.7
España,52 Servicios financieros y de seguros,"1,316.5","2,196.7","3,534.0","1,237.7","1,209.7","1,760.0","-3,441.4","-1,885.7","2,425.9","1,790.1","1,070.1",661.0,"1,556.5","3,102.2","3,192.5","3,452.6","1,093.4","3,378.9","27,650.6"
España,522 Instituciones de intermediación crediticia y financiera no bursátil,"1,283.6","2,186.5","3,476.4","1,214.2","1,178.1","1,753.3","-3,459.3","-1,513.8","2,409.4","1,774.0","1,066.5",662.6,"1,550.3","2,733.3","3,194.0","3,449.2","1,092.4","3,094.2","27,145.1"
España,5221 Banca múltiple,"1,263.1","2,035.3","3,472.1","1,210.4","1,178.0","1,739.4","-3,463.1","-1,080.1","2,387.4","1,774.0","1,068.8",640.0,"1,549.4","2,693.5","3,186.0","3,361.8","1,058.6","3,094.2","27,169.1"
España,5222 Instituciones financieras de fomento económico,0.0,0.0,0.0,0.0,0.0,0.0,0.0,0.0,C,0.0,C,C,C,C,0.0,C,0.0,0.0,C
España,5223 Uniones de crédito e instituciones de ahorro,C,C,C,C,C,C,C,C,0.0,0.0,C,0.0,0.0,0.0,0.0,C,C,0.0,-283.0
España,5224 Otras instituciones de intermediación crediticia y financiera no bursátil,2.9,114.4,4.4,C,C,C,C,0.0,C,0.0,0.0,C,C,12.4,8.0,C,C,0.0,176.1
España,5225 Servicios relacionados con la intermediación crediticia no bursátil,C,C,C,C,C,0.0,0.0,0.0,0.0,C,0.0,C,C,25.6,0.0,45.7,C,0.0,75.4
España,"523 Actividades bursátiles, cambiarias y de inversión financiera",19.7,2.5,2.4,7.7,16.9,6.3,7.0,0.0,16.5,6.2,3.5,-1.6,6.2,368.9,-1.5,3.4,C,0.0,465.3
España,"5231 Casas de bolsa, casas de cambio y centros cambiarios",C,0.0,0.0,C,C,0.0,0.0,0.0,0.0,0.0,C,0.0,0.0,0.0,0.0,0.0,0.0,0.0,30.9
España,5239 Asesoría en inversiones y otros servicios relacionados con la intermediación bursátil,4.6,2.5,2.4,7.7,1.2,6.3,7.0,0.0,16.5,6.2,3.5,-1.6,6.2,368.9,-1.5,3.4,C,0.0,434.4
España,"524 Compañías de seguros, fianzas, y administración de fondos para el retiro",13.1,7.7,55.1,C,14.7,C,10.9,-371.8,0.0,C,0.0,C,0.0,C,0.0,C,0.0,C,40.3
España,5241 Compañías de seguros y fianzas,13.1,C,55.1,C,14.7,C,10.9,-371.8,0.0,C,0.0,0.0,0.0,C,0.0,0.0,0.0,C,40.3
España,"5242 Servicios relacionados con los seguros y las fianzas, y administración de fondos para el retiro",C,0.0,C,0.0,0.0,0.0,0.0,0.0,0.0,0.0,0.0,C,0.0,0.0,0.0,C,0.0,0.0,0.0
España,53 Servicios inmobiliarios y de alquiler de bienes muebles e intangibles,157.9,141.1,257.8,48.9,-8.9,102.5,7.6,60.9,4.1,71.5,23.2,11.3,73.8,48.6,-32.7,-3.3,0.1,0.0,964.2
España,531 Servicios inmobiliarios,157.9,140.9,257.8,47.9,-10.1,96.7,-3.3,53.3,4.0,71.5,23.2,11.3,73.9,48.6,-32.7,-3.3,0.1,0.0,937.6
España,5311 Alquiler sin intermediación de bienes raíces,1.3,C,0.0,0.0,C,C,C,C,C,0.0,C,C,C,0.0,0.0,C,C,0.0,1.5
España,5312 Inmobiliarias y corredores de bienes raíces,39.3,140.9,257.8,46.3,-8.8,84.0,27.8,5.1,6.5,63.1,20.6,17.3,84.6,14.5,-32.8,-6.1,-16.9,0.0,742.9
España,5313 Servicios relacionados con los servicios inmobiliarios,C,0.0,0.0,1.6,-1.3,12.8,-31.1,48.1,-2.5,8.4,2.7,-6.0,-10.7,34.1,0.1,2.7,16.9,0.0,193.1
España,532 Servicios de alquiler de bienes muebles,C,0.0,C,0.0,C,0.1,C,2.0,C,0.0,0.0,C,C,C,0.0,C,C,0.0,3.3
España,"5321 Alquiler de automóviles, camiones y otros transportes terrestres",0.0,0.0,0.0,0.0,0.0,0.0,0.0,0.0,0.0,0.0,0.0,0.0,C,C,0.0,0.0,0.0,0.0,C
España,5322 Alquiler de artículos para el hogar y personales,C,C,C,0.0,0.0,0.0,0.0,0.0,0.0,C,0.0,0.0,C,C,0.0,0.0,0.0,0.0,0.0
España,5323 Centros generales de alquiler,0.0,0.0,0.0,0.0,0.0,0.0,0.0,0.0,0.0,0.0,0.0,0.0,0.0,0.0,0.0,0.0,C,0.0,C
España,"5324 Alquiler de maquinaria y equipo agropecuario, pesquero, industrial, comercial y de servicios",0.0,C,C,0.0,C,0.1,C,2.0,C,C,0.0,C,0.0,0.0,0.0,C,0.0,0.0,3.2
España,"533 Servicios de alquiler de marcas registradas, patentes y franquicias",C,C,C,0.9,1.2,5.6,9.9,5.6,0.0,C,0.0,0.0,C,0.0,0.0,0.0,0.0,0.0,23.4
España,"5331 Servicios de alquiler de marcas registradas, patentes y franquicias",C,C,C,0.9,1.2,5.6,9.9,5.6,0.0,C,0.0,0.0,C,0.0,0.0,0.0,0.0,0.0,23.4
España,"54 Servicios profesionales, científicos y técnicos",1.2,21.2,56.1,21.0,28.3,29.1,29.1,27.6,33.1,11.2,25.8,24.2,10.6,82.0,102.6,-11.7,-28.9,11.8,474.1
España,"541 Servicios profesionales, científicos y técnicos",1.2,21.2,56.1,21.0,28.3,29.1,29.1,27.6,33.1,11.2,25.8,24.2,10.6,82.0,102.6,-11.7,-28.9,11.8,474.1
España,5411 Servicios legales,0.0,0.0,C,0.0,C,C,0.0,C,C,0.0,0.0,C,C,C,C,C,0.0,0.0,9.5
España,"5412 Servicios de contabilidad, auditoría y servicios relacionados",-0.2,1.1,51.6,14.4,26.8,26.0,1.1,2.5,-0.4,3.9,4.0,C,0.0,C,C,C,C,0.0,145.7
España,"5413 Servicios de arquitectura, ingeniería y actividades relacionadas",1.8,7.0,3.6,1.6,2.2,2.6,0.6,15.0,26.3,0.0,6.0,5.5,-1.8,3.1,34.2,3.6,5.8,0.0,117.0
España,5414 Diseño especializado,0.0,C,0.0,C,0.0,0.0,0.0,C,C,C,0.0,C,0.0,C,C,0.0,C,0.0,5.5
España,5415 Servicios de diseño de sistemas de cómputo y servicios relacionados,C,0.0,C,C,0.3,0.4,13.3,20.9,1.4,7.6,1.1,14.8,2.4,59.3,8.2,-2.1,-58.1,0.0,68.6
España,"5416 Servicios de consultoría administrativa, científica y técnica",C,0.3,0.3,3.0,-2.7,-0.8,0.3,0.6,2.0,0.1,0.0,-2.0,0.1,1.7,-6.4,0.4,5.8,C,8.4
España,5417 Servicios de investigación científica y desarrollo,0.0,C,C,C,4.1,0.0,0.0,0.0,0.0,0.0,C,0.0,C,C,C,-14.7,C,C,59.5
España,5418 Servicios de publicidad y actividades relacionadas,0.0,0.0,0.4,0.4,-2.5,0.6,13.5,-11.4,1.4,-0.4,7.3,0.0,-0.2,0.0,C,0.3,0.0,0.0,9.4
España,"5419 Otros servicios profesionales, científicos y técnicos",0.4,12.7,0.2,1.6,0.1,0.2,0.3,0.0,1.2,-0.1,6.6,0.8,-0.6,11.6,10.3,-0.1,5.2,C,50.5
España,"56 Servicios de apoyo a los negocios y manejo de residuos, y servicios de remediación",-276.5,58.5,71.9,215.2,-29.2,39.1,65.5,48.6,39.1,1.3,7.8,15.6,51.6,14.2,2.4,-7.1,-2.6,0.0,315.5
España,561 Servicios de apoyo a los negocios,-276.5,58.4,71.9,215.2,-29.2,37.8,58.6,45.6,35.3,6.0,7.0,14.5,51.8,13.7,2.4,-7.1,-2.6,0.0,302.8
España,5611 Servicios de administración de negocios,C,C,C,C,C,C,0.0,0.2,C,-5.8,C,0.0,C,C,C,-7.0,0.0,0.0,38.4
España,5612 Servicios combinados de apoyo en instalaciones,0.0,0.0,0.0,0.0,C,C,0.0,C,C,C,0.0,0.0,C,0.0,0.0,0.0,0.0,0.0,2.0
España,5613 Servicios de empleo,7.6,C,0.2,1.4,1.2,9.5,-8.0,2.9,1.1,0.0,0.1,C,-1.0,1.6,C,0.0,C,0.0,14.5
España,"5614 Servicios de apoyo secretarial, fotocopiado, cobranza, investigación crediticia y similares",C,0.0,7.5,C,C,0.0,C,C,C,0.0,0.0,0.0,0.0,C,0.0,0.0,C,0.0,10.0
España,5615 Agencias de viajes y servicios de reservaciones,0.6,C,8.4,C,C,0.8,1.4,0.0,0.6,1.6,C,C,0.0,C,C,0.0,0.0,0.0,18.6
España,"5616 Servicios de investigación, protección y seguridad",-340.6,1.8,0.0,C,C,-6.5,C,-2.0,C,C,C,-10.7,C,C,C,0.0,0.0,0.0,-352.3
España,5617 Servicios de limpieza,0.0,C,C,0.0,0.0,0.0,0.0,0.0,0.0,0.0,C,C,0.0,0.0,0.0,0.0,0.0,0.0,0.6
España,5619 Otros servicios de apoyo a los negocios,57.0,55.4,7.4,213.5,-30.6,34.0,65.1,44.4,29.9,10.1,C,C,51.0,4.2,0.0,C,-0.7,0.0,571.0
España,562 Manejo de residuos y servicios de remediación,0.0,C,0.0,0.0,0.0,1.3,6.9,3.0,C,C,C,C,C,C,0.0,0.0,0.0,0.0,12.6
España,5621 Recolección de residuos,0.0,C,0.0,0.0,0.0,1.3,6.9,3.0,C,C,C,C,C,C,0.0,0.0,0.0,0.0,12.6
España,61 Servicios educativos,0.0,0.0,0.1,C,0.0,0.1,0.0,1.5,0.0,0.0,0.0,C,0.0,C,C,C,0.0,0.0,6.2
España,611 Servicios educativos,0.0,0.0,0.1,C,0.0,0.1,0.0,1.5,0.0,0.0,0.0,C,0.0,C,C,C,0.0,0.0,6.2
España,"6111 Escuelas de educación básica, media y para necesidades especiales",0.0,C,0.1,C,0.0,0.0,0.0,C,0.0,0.0,C,0.0,0.0,0.0,0.0,C,0.0,0.0,0.1
España,6113 Escuelas de educación superior,0.0,0.0,0.0,0.0,0.0,0.0,0.0,C,0.0,0.0,C,0.0,0.0,0.0,0.0,0.0,0.0,0.0,C
España,"6114 Escuelas comerciales, de computación y de capacitación para ejecutivos",0.0,0.0,0.0,0.0,0.0,C,0.0,0.0,0.0,0.0,0.0,0.0,0.0,C,0.0,0.0,0.0,0.0,C
España,6116 Otros servicios educativos,C,C,0.0,0.0,0.0,0.1,C,0.0,C,0.0,0.0,C,C,C,C,0.0,0.0,0.0,4.5
España,6117 Servicios de apoyo a la educación,0.0,0.0,0.0,0.0,0.0,C,C,C,C,0.0,C,C,0.0,0.0,0.0,0.0,0.0,0.0,0.1
España,62 Servicios de salud y de asistencia social,C,12.5,1.2,1.0,C,0.5,C,0.0,0.0,3.0,4.3,5.9,5.4,5.2,7.1,0.0,0.0,0.0,47.1
España,621 Servicios médicos de consulta externa y servicios relacionados,C,12.5,1.2,1.0,C,0.5,C,0.0,0.0,0.0,2.4,C,7.1,0.0,C,C,0.0,0.0,26.7
España,6211 Consultorios médicos,0.0,C,C,C,0.0,C,0.0,C,C,C,0.1,C,0.0,0.0,0.0,0.0,0.0,0.0,0.6
España,6212 Consultorios dentales,0.0,0.0,0.0,0.0,0.0,C,0.0,0.0,0.0,C,C,0.0,C,0.0,0.0,0.0,0.0,0.0,22.8
España,6213 Otros consultorios para el cuidado de la salud,0.0,0.0,0.0,0.0,C,C,C,0.0,C,C,C,C,C,0.0,C,0.0,0.0,0.0,0.2
España,6214 Centros para la atención de pacientes que no requieren hospitalización,C,12.5,1.2,C,C,0.0,0.0,0.0,0.0,0.0,C,0.0,C,0.0,0.0,C,0.0,0.0,2.1
España,6215 Laboratorios médicos y de diagnóstico,0.0,0.0,C,0.0,0.0,0.0,0.0,C,C,C,0.0,0.0,0.0,C,C,C,0.0,0.0,1.1
España,622 Hospitales,0.0,0.0,0.0,0.0,0.0,0.0,0.0,0.0,0.0,0.0,0.0,C,C,C,C,0.0,0.0,0.0,C
España,6221 Hospitales generales,0.0,0.0,0.0,0.0,0.0,0.0,0.0,0.0,0.0,0.0,0.0,0.0,C,C,C,0.0,0.0,0.0,C
España,6223 Hospitales de otras especialidades médicas,0.0,0.0,0.0,0.0,0.0,0.0,0.0,0.0,0.0,0.0,0.0,C,0.0,0.0,0.0,0.0,0.0,0.0,C
España,623 Residencias de asistencia social y para el cuidado de la salud,0.0,0.0,0.0,0.0,0.0,0.0,0.0,0.0,0.0,C,C,0.0,0.0,0.0,0.0,0.0,0.0,0.0,C
España,6233 Asilos y otras residencias para el cuidado de ancianos,0.0,0.0,0.0,0.0,0.0,0.0,0.0,0.0,0.0,C,C,0.0,0.0,0.0,0.0,0.0,0.0,0.0,C
España,624 Otros servicios de asistencia social,0.0,0.0,0.0,0.0,0.0,C,0.0,0.0,C,0.0,0.0,0.0,0.0,0.0,0.0,C,0.0,0.0,0.0
España,6241 Servicios de orientación y trabajo social,0.0,0.0,0.0,0.0,0.0,0.0,0.0,0.0,C,0.0,0.0,0.0,0.0,0.0,0.0,C,0.0,0.0,C
España,"6243 Servicios de capacitación para el trabajo para personas desempleadas, subempleadas o con discapacidad",0.0,0.0,0.0,0.0,0.0,C,0.0,0.0,0.0,0.0,0.0,0.0,0.0,0.0,0.0,0.0,0.0,0.0,C
España,"71 Servicios de esparcimiento culturales y deportivos, y otros servicios recreativos",1.4,250.4,-19.5,2.2,0.6,66.5,2.0,6.3,30.8,116.2,31.2,204.7,21.4,2.5,C,67.5,C,0.0,777.9
España,"711 Servicios artísticos, culturales y deportivos, y otros servicios relacionados",0.0,C,C,0.0,C,0.0,1.9,C,0.0,0.0,C,1.6,0.0,C,0.0,0.0,0.0,0.0,241.3
España,7111 Compañías y grupos de espectáculos artísticos y culturales,0.0,C,C,0.0,0.0,0.0,C,C,C,C,0.0,0.0,0.0,0.0,0.0,0.0,0.0,0.0,239.5
España,7112 Deportistas y equipos deportivos profesionales,0.0,0.0,0.0,0.0,0.0,C,0.0,0.0,C,0.0,C,C,0.0,0.0,0.0,0.0,0.0,0.0,1.6
España,"7113 Promotores de espectáculos artísticos, culturales, deportivos y similares",0.0,C,0.0,0.0,C,0.0,C,C,C,C,C,C,0.0,C,0.0,C,0.0,0.0,0.1
España,"7114 Agentes y representantes de artistas, deportistas y similares",0.0,0.0,0.0,0.0,0.0,0.0,C,0.0,0.0,0.0,0.0,C,0.0,0.0,0.0,C,0.0,0.0,0.0
España,"7115 Artistas, escritores y técnicos independientes",0.0,0.0,0.0,0.0,C,C,C,0.0,0.0,C,0.0,0.0,0.0,0.0,0.0,0.0,0.0,0.0,0.0
España,"712 Museos, sitios históricos, zoológicos y similares",0.0,0.0,0.0,0.0,0.0,0.0,0.0,0.0,0.0,0.0,0.0,C,0.0,0.0,0.0,0.0,0.0,0.0,C
España,"7121 Museos, sitios históricos, zoológicos y similares",0.0,0.0,0.0,0.0,0.0,0.0,0.0,0.0,0.0,0.0,0.0,C,0.0,0.0,0.0,0.0,0.0,0.0,C
España,713 Servicios de entretenimiento en instalaciones recreativas y otros servicios recreativos,1.4,-0.8,C,2.2,0.5,66.5,0.0,0.3,30.7,C,31.1,203.1,21.4,C,C,67.4,C,0.0,536.6
España,7131 Parques con instalaciones recreativas y casas de juegos electrónicos,0.0,-0.8,C,C,C,0.0,0.0,0.0,0.0,0.0,C,C,C,0.0,C,C,C,0.0,103.9
España,"7132 Casinos, loterías y otros juegos de azar",0.0,0.0,0.0,0.0,C,62.4,C,C,C,C,C,C,C,C,C,C,C,0.0,426.0
España,7139 Otros servicios recreativos,1.4,C,C,0.2,C,C,0.0,0.3,0.0,0.0,C,C,C,C,0.0,0.0,0.0,0.0,6.7
España,72 Servicios de alojamiento temporal y de preparación de alimentos y bebidas,-8.0,372.4,63.2,4.1,47.9,72.0,117.6,-6.1,9.6,-80.7,98.1,135.6,201.5,194.0,178.1,-43.1,13.0,5.4,"1,374.5"
España,721 Servicios de alojamiento temporal,40.9,372.4,63.2,4.1,47.9,71.5,117.5,-6.1,9.6,-80.7,98.1,135.6,201.5,194.0,178.1,-43.1,13.0,5.4,"1,422.8"
España,"7211 Hoteles, moteles y similares",34.2,363.3,60.6,-8.3,31.3,11.4,106.9,-12.5,-10.0,-87.0,92.6,130.1,198.2,183.5,169.6,-53.4,-9.1,C,"1,204.6"
España,"7213 Pensiones y casas de huéspedes, y departamentos y casas amueblados con servicios de hotelería",6.7,9.1,2.6,12.4,16.6,60.1,10.6,6.4,19.5,6.2,5.5,5.5,3.3,10.5,8.5,10.3,22.0,2.3,218.2
España,722 Servicios de preparación de alimentos y bebidas,-48.9,C,C,0.1,C,0.5,0.0,0.0,0.0,0.0,0.0,C,C,C,C,0.0,C,0.0,-48.2
España,7223 Servicios de preparación de alimentos por encargo,0.0,0.0,0.0,0.0,C,C,0.0,C,C,C,C,0.0,0.0,0.0,C,0.0,C,0.0,0.0
España,"7224 Centros nocturnos, bares, cantinas y similares",C,0.0,0.0,C,C,0.0,0.0,0.0,C,C,0.0,0.0,0.0,0.0,0.0,0.0,0.0,0.0,0.1
España,7225 Servicios de preparación de alimentos y bebidas alcohólicas y no alcohólicas,-48.9,C,C,0.0,0.0,0.5,0.0,0.0,0.0,C,0.0,C,C,C,0.0,0.0,0.0,0.0,-48.4
España,81 Otros servicios excepto actividades gubernamentales,C,C,0.2,0.0,0.1,0.4,2.1,-0.1,0.0,0.1,0.0,C,0.0,0.1,C,C,C,0.0,6.9
España,811 Servicios de reparación y mantenimiento,C,C,0.2,C,C,0.4,2.1,-0.1,0.0,0.0,C,C,0.0,C,0.0,C,C,0.0,6.3
España,8111 Reparación y mantenimiento de automóviles y camiones,0.0,0.0,C,0.0,0.0,C,0.0,C,0.0,C,0.0,0.0,0.0,0.0,0.0,C,C,0.0,3.7
España,8112 Reparación y mantenimiento de equipo electrónico y de equipo de precisión,0.0,0.0,C,C,C,0.0,C,C,0.0,C,0.0,C,0.0,C,0.0,0.0,0.0,0.0,0.1
España,"8113 Reparación y mantenimiento de maquinaria y equipo agropecuario, industrial, comercial y de servicios",C,C,C,C,C,C,C,-0.1,0.0,C,C,0.0,C,C,0.0,0.0,0.0,0.0,2.5
España,8114 Reparación y mantenimiento de artículos para el hogar y personales,0.0,0.0,0.0,0.0,0.0,0.0,C,0.0,0.0,0.0,0.0,0.0,C,0.0,0.0,0.0,0.0,0.0,C
España,812 Servicios personales,0.0,0.0,C,0.1,0.0,0.0,C,0.0,0.0,0.0,C,0.0,0.0,C,C,0.0,C,0.0,0.6
España,"8121 Salones y clínicas de belleza, baños públicos y bolerías",0.0,0.0,C,C,0.0,0.0,C,0.0,0.0,0.0,0.0,0.0,0.0,0.0,0.0,0.0,0.0,0.0,0.0
España,8122 Lavanderías y tintorerías,0.0,0.0,0.0,0.0,0.0,0.0,0.0,0.0,0.0,C,0.0,0.0,0.0,0.0,0.0,0.0,C,0.0,C
España,8124 Estacionamientos y pensiones para vehículos automotores,0.0,0.0,0.0,C,0.0,0.0,C,0.0,0.0,C,C,0.0,0.0,0.0,0.0,0.0,0.0,0.0,0.1
España,8129 Servicios de revelado e impresión de fotografías y otros servicios personales,0.0,0.0,0.0,0.0,0.0,0.0,0.0,0.0,0.0,C,C,0.0,0.0,C,C,0.0,0.0,0.0,0.4
España,813 Asociaciones y organizaciones,0.0,0.0,0.0,C,C,0.0,0.0,0.0,C,0.0,0.0,0.0,0.0,0.0,0.0,0.0,0.0,0.0,0.0
España,"8131 Asociaciones y organizaciones comerciales, laborales, profesionales y recreativas",0.0,0.0,0.0,C,C,0.0,0.0,0.0,C,0.0,0.0,0.0,0.0,0.0,0.0,0.0,0.0,0.0,0.0
