Sector,Subsector,rama ,2006,2007,2008,2009,2010,2011,2012,2013,2014,2015,2016,2017,2018,2019,2020,2021,2022,2023,Total general
"11 Agricultura, cría y explotación de animales, aprovechamiento forestal, pesca y caza",111 Agricultura,"1111 Cultivo de semillas oleaginosas, leguminosas y cereales",-1.0,-0.2,-3.5,0.0,0.0,0.0,0.0,3.6,0.3,0.0,0.0,0.0,0.0,0.0,0.0,0.0,0.0,0.0,-5.2
"11 Agricultura, cría y explotación de animales, aprovechamiento forestal, pesca y caza",111 Agricultura,1112 Cultivo de hortalizas,-4.3,2.4,28.9,0.1,12.0,3.0,20.0,87.2,19.4,28.1,49.6,48.9,8.7,37.8,15.6,26.0,145.4,0.0,532.7
"11 Agricultura, cría y explotación de animales, aprovechamiento forestal, pesca y caza",111 Agricultura,1113 Cultivo de frutales y nueces,1.4,4.4,5.5,1.1,17.8,19.6,23.9,38.3,0.0,9.3,-1.2,1.5,0.0,3.2,10.3,-16.0,-4.9,0.0,129.7
"11 Agricultura, cría y explotación de animales, aprovechamiento forestal, pesca y caza",111 Agricultura,"1114 Cultivo en invernaderos y otras estructuras agrícolas protegidas, y floricultura",0.0,0.0,0.0,0.0,0.0,0.0,0.0,0.0,0.0,0.0,0.0,0.0,0.2,0.0,27.2,0.0,0.0,0.0,30.9
"11 Agricultura, cría y explotación de animales, aprovechamiento forestal, pesca y caza",111 Agricultura,1119 Otros cultivos,0.9,0.1,0.1,-0.1,0.5,9.5,0.5,3.1,40.3,0.0,0.1,0.0,6.3,11.7,17.1,-5.9,-37.1,0.0,46.9
"11 Agricultura, cría y explotación de animales, aprovechamiento forestal, pesca y caza",112 Cría y explotación de animales,1121 Explotación de bovinos,0.9,0.0,0.0,0.0,0.0,0.7,0.3,0.0,0.0,0.0,-2.4,0.0,0.0,0.0,0.0,0.0,0.0,0.0,2.9
"11 Agricultura, cría y explotación de animales, aprovechamiento forestal, pesca y caza",112 Cría y explotación de animales,1122 Explotación de porcinos,0.0,0.0,0.0,0.0,0.0,0.0,0.0,0.0,0.0,0.0,0.0,0.0,0.0,0.0,0.0,0.0,0.0,0.0,296.5
"11 Agricultura, cría y explotación de animales, aprovechamiento forestal, pesca y caza",112 Cría y explotación de animales,1123 Explotación avícola,5.3,0.0,0.0,0.0,73.6,128.7,43.7,91.6,43.0,0.0,0.0,-64.6,0.0,30.8,0.0,0.0,106.6,0.0,866.8
"11 Agricultura, cría y explotación de animales, aprovechamiento forestal, pesca y caza",112 Cría y explotación de animales,1124 Explotación de ovinos y caprinos,0.0,0.0,0.0,0.0,0.0,0.0,0.0,0.0,0.0,0.0,0.0,0.0,0.0,0.0,0.0,0.0,0.0,0.0,0.0
"11 Agricultura, cría y explotación de animales, aprovechamiento forestal, pesca y caza",112 Cría y explotación de animales,1125 Acuicultura,0.0,0.0,0.0,0.0,-12.7,0.0,0.0,0.0,0.0,0.0,0.0,0.0,0.0,0.0,0.0,0.0,0.0,0.0,26.8
"11 Agricultura, cría y explotación de animales, aprovechamiento forestal, pesca y caza",112 Cría y explotación de animales,1129 Explotación de otros animales,0.0,0.0,0.0,0.0,0.0,0.0,0.0,0.0,0.0,0.0,0.0,0.0,0.0,0.0,0.0,0.0,0.0,0.0,0.0
"11 Agricultura, cría y explotación de animales, aprovechamiento forestal, pesca y caza",113 Aprovechamiento forestal,1132 Viveros forestales y recolección de productos forestales,0.0,0.0,0.0,0.0,0.0,0.0,0.0,0.0,0.0,0.0,0.0,0.0,0.0,0.0,0.0,0.0,0.0,0.0,2.4
"11 Agricultura, cría y explotación de animales, aprovechamiento forestal, pesca y caza","114 Pesca, caza y captura",1141 Pesca,0.0,0.0,0.0,0.0,0.0,0.0,0.0,0.0,0.0,0.0,0.0,0.0,0.0,0.0,0.0,0.0,0.0,0.0,0.6
"11 Agricultura, cría y explotación de animales, aprovechamiento forestal, pesca y caza","114 Pesca, caza y captura",1142 Caza y captura,0.0,0.0,0.0,0.0,0.0,0.0,0.0,0.0,0.0,0.0,0.0,0.0,0.0,0.0,0.0,0.0,0.0,0.0,0.0
"11 Agricultura, cría y explotación de animales, aprovechamiento forestal, pesca y caza",115 Servicios relacionados con las actividades agropecuarias y forestales,1151 Servicios relacionados con la agricultura,-1.4,-8.6,8.7,12.9,57.7,20.7,46.1,9.1,37.7,13.8,11.4,53.0,-53.2,23.1,-41.4,46.2,89.6,0.0,317.7
"11 Agricultura, cría y explotación de animales, aprovechamiento forestal, pesca y caza",115 Servicios relacionados con las actividades agropecuarias y forestales,1152 Servicios relacionados con la cría y explotación de animales,0.0,0.0,0.0,0.0,0.0,0.0,0.0,0.0,0.0,0.0,0.0,0.0,0.0,0.0,0.0,0.0,0.0,0.0,0.1
"11 Agricultura, cría y explotación de animales, aprovechamiento forestal, pesca y caza",115 Servicios relacionados con las actividades agropecuarias y forestales,1153 Servicios relacionados con el aprovechamiento forestal,0.0,0.0,0.0,0.0,0.0,0.0,0.0,0.0,0.0,0.0,0.0,0.0,0.0,0.0,0.0,0.0,0.0,0.0,-2.3
21 Minería,211 Extracción de petróleo y gas,2111 Extracción de petróleo y gas,74.5,68.3,123.6,-222.1,-256.0,-308.5,262.7,47.5,267.9,"1,013.6",399.9,927.2,916.0,798.8,591.8,"1,610.4",343.5,10.4,"6,669.6"
21 Minería,"212 Minería de minerales metálicos y no metálicos, excepto petróleo y gas",2121 Minería de carbón mineral,0.0,0.3,0.2,0.0,0.1,0.0,0.0,0.0,0.0,0.0,0.0,0.0,0.0,0.0,0.0,0.0,0.0,0.0,5.9
21 Minería,"212 Minería de minerales metálicos y no metálicos, excepto petróleo y gas",2122 Minería de minerales metálicos,470.4,"1,938.9","4,504.5","1,301.2","1,628.1","1,044.7","2,401.6","5,469.6","2,379.3",160.0,767.6,741.6,762.3,698.5,376.9,"2,735.8",808.3,337.1,"28,526.3"
21 Minería,"212 Minería de minerales metálicos y no metálicos, excepto petróleo y gas",2123 Minería de minerales no metálicos,1.8,7.0,13.6,-10.4,19.0,43.0,57.7,-0.2,0.0,0.0,0.0,23.4,15.1,30.3,16.2,138.2,94.7,0.0,500.4
21 Minería,213 Servicios relacionados con la minería,2131 Servicios relacionados con la minería,3.3,63.9,25.7,281.8,15.2,330.9,141.7,253.2,114.2,616.6,43.5,249.1,273.2,563.0,713.9,468.3,563.6,38.2,"4,759.1"
21 Minería,"22 Generación, transmisión, distribución y comercialización de energía eléctrica, suministro de agua y de gas natural por ductos al consumidor final","2211 Generación, transmisión, distribución y comercialización de energía eléctrica",21.1,904.4,335.6,21.0,490.1,257.0,452.8,"1,002.9",66.9,753.2,658.1,"1,522.8","3,814.0","1,093.6",697.2,306.3,695.4,77.9,"13,170.4"
21 Minería,"22 Generación, transmisión, distribución y comercialización de energía eléctrica, suministro de agua y de gas natural por ductos al consumidor final",2212 Suministro de gas natural por ductos al consumidor final,-54.1,185.3,251.1,7.0,111.2,75.5,251.6,465.5,395.0,-85.6,13.9,77.1,176.0,-354.2,-167.4,28.6,54.1,0.0,"1,403.2"
21 Minería,"22 Generación, transmisión, distribución y comercialización de energía eléctrica, suministro de agua y de gas natural por ductos al consumidor final","2213 Captación, tratamiento y suministro de agua",-8.9,-3.6,12.9,5.1,-0.3,58.0,9.3,23.0,1.3,-3.0,6.1,1.5,2.3,0.0,0.0,0.0,0.0,0.0,106.9
24 Construcción,236 Edificación,2361 Edificación residencial,106.5,65.7,197.6,109.7,29.5,88.6,37.4,-45.9,33.3,18.0,10.1,7.1,4.2,23.5,3.3,-0.7,-22.1,0.0,665.8
24 Construcción,236 Edificación,2362 Edificación no residencial,137.3,187.2,91.9,312.3,19.6,33.9,127.5,56.4,185.9,78.5,273.5,165.2,77.3,115.9,68.6,46.3,-154.2,10.1,"1,833.2"
24 Construcción,236 Edificación,237 Construcción de obras de ingeniería civil,383.6,"2,101.1",526.8,607.7,429.8,792.3,"2,133.6",970.2,943.4,"2,298.0","1,402.5","3,350.7","2,428.8",692.8,171.4,278.0,472.3,394.6,"20,377.6"
24 Construcción,236 Edificación,"2371 Construcción de obras para el suministro de agua, petróleo, gas, energía eléctrica y telecomunicaciones",72.0,119.9,142.9,70.6,32.9,-312.4,873.2,236.3,312.7,"1,336.7","1,065.3",773.9,"1,258.3",457.2,17.9,203.7,323.0,392.7,"7,376.7"
24 Construcción,236 Edificación,2372 División de terrenos y construcción de obras de urbanización,23.5,197.8,26.3,21.2,0.4,16.7,8.7,16.0,114.6,30.6,117.7,6.0,58.5,26.4,-42.2,16.6,5.9,0.0,644.7
24 Construcción,236 Edificación,2373 Construcción de vías de comunicación,288.7,"1,763.7",254.3,495.4,346.3,756.2,"1,118.4",506.1,561.8,908.0,306.5,"2,305.4",985.0,89.3,222.9,66.2,82.2,0.0,"11,057.8"
24 Construcción,236 Edificación,2379 Otras construcciones de ingeniería civil,-0.6,19.8,103.3,20.6,50.3,331.7,133.3,211.8,-45.6,22.8,-87.1,265.4,126.9,119.9,-27.2,-8.6,61.2,0.0,"1,298.4"
24 Construcción,236 Edificación,238 Trabajos especializados para la construcción,77.8,51.5,34.9,-1.9,61.9,-46.6,55.8,282.5,35.2,44.7,90.5,2.4,89.9,86.4,17.4,152.5,-42.6,43.2,"1,035.2"
24 Construcción,236 Edificación,"2381Cimentaciones, montaje de estructuras prefabricadas y trabajos en exteriores",17.0,-6.2,12.7,0.6,57.8,-51.0,0.0,206.7,8.2,6.3,3.7,8.8,3.6,29.3,0.0,0.0,0.0,0.0,297.5
24 Construcción,236 Edificación,2382 Instalaciones y equipamiento en construcciones,56.7,57.6,19.2,-6.2,-1.0,1.2,49.7,92.9,24.6,7.0,83.6,-26.2,78.3,45.1,11.3,152.6,-47.8,43.2,641.8
24 Construcción,236 Edificación,2383 Trabajos de acabados en edificaciones,0.0,0.0,0.0,0.0,0.0,0.0,2.3,0.0,0.6,2.2,0.0,0.0,1.6,0.0,0.0,0.0,0.0,0.0,11.5
24 Construcción,236 Edificación,2389 Otros trabajos especializados para la construcción,1.4,0.0,1.1,3.6,5.1,3.1,3.8,-17.1,1.8,29.2,3.2,19.7,6.4,12.0,6.0,-0.1,5.1,0.0,84.5
31-33 Industrias manufactureras,311 Industria alimentaria,3111 Elaboración de alimentos para animales,0.0,0.4,21.6,55.3,-60.8,-4.6,34.1,-94.0,65.2,37.3,50.0,38.2,20.0,27.6,-19.3,-58.9,-13.1,0.0,195.7
31-33 Industrias manufactureras,311 Industria alimentaria,3112 Molienda de granos y de semillas y obtención de aceites y grasas,7.0,134.2,-81.2,-31.5,454.0,273.7,-432.8,-9.9,33.6,49.9,275.6,-69.8,52.2,-0.5,-153.4,38.5,5.7,0.0,603.4
31-33 Industrias manufactureras,311 Industria alimentaria,"3113 Elaboración de azúcares, chocolates, dulces y similares",590.2,78.1,395.9,216.9,"1,355.8",905.0,195.6,79.7,13.8,131.2,241.8,2.1,2.5,24.8,173.7,-2.0,854.3,55.2,"5,314.5"
31-33 Industrias manufactureras,311 Industria alimentaria,"3114 Conservación de frutas, verduras, guisos y otros alimentos preparados",-17.8,-12.2,3.7,132.2,2.2,5.1,25.1,44.4,50.1,67.0,10.1,59.5,56.3,37.3,19.2,101.8,191.4,39.3,814.7
31-33 Industrias manufactureras,311 Industria alimentaria,3115 Elaboración de productos lácteos,468.3,318.1,259.1,0.0,0.0,13.9,6.4,3.9,-0.7,332.8,63.4,92.2,0.0,134.0,304.8,0.0,0.0,0.0,"2,350.4"
31-33 Industrias manufactureras,311 Industria alimentaria,"3116 Matanza, empacado y procesamiento de carne de ganado, aves y otros animales comestibles",2.4,8.6,23.8,42.4,78.6,53.1,47.5,62.1,41.7,4.2,0.0,4.1,0.0,0.0,0.3,0.0,34.9,0.0,472.2
31-33 Industrias manufactureras,311 Industria alimentaria,3117 Preparación y envasado de pescados y mariscos,-1.4,0.0,0.0,0.0,0.0,0.0,0.0,0.0,0.0,0.0,0.0,0.0,0.0,0.0,0.0,0.0,0.0,0.0,-1.4
31-33 Industrias manufactureras,311 Industria alimentaria,3118 Elaboración de productos de panadería y tortillas,-1.7,-1.5,4.1,3.4,0.0,9.1,8.7,-0.8,-0.9,0.0,-1.6,23.1,0.0,-26.8,-7.7,-2.0,-3.5,0.0,29.1
31-33 Industrias manufactureras,311 Industria alimentaria,3119 Otras industrias alimentarias,56.0,64.0,-334.4,-112.7,31.0,713.7,-204.6,461.0,470.8,715.5,262.1,237.0,119.1,302.3,67.7,-87.1,239.6,272.0,"3,273.1"
31-33 Industrias manufactureras,312 Industria de las bebidas y del tabaco,3121 Industria de las bebidas,869.2,"1,367.8",864.2,751.6,"5,347.3",920.4,677.7,"15,292.4","3,160.1","1,776.6","1,839.9","1,748.7",897.3,"2,117.7",960.6,985.9,527.5,"1,743.2","41,848.1"
31-33 Industrias manufactureras,312 Industria de las bebidas y del tabaco,3122 Industria del tabaco,26.5,-65.4,36.6,0.0,0.1,0.0,0.0,0.0,0.0,0.0,0.0,0.0,0.0,0.0,0.0,0.0,0.0,0.0,933.5
31-33 Industrias manufactureras,313 Fabricación de insumos textiles y acabado de textiles,"3131 Preparación e hilado de fibras textiles, y fabricación de hilos",54.9,-27.1,67.3,0.0,3.3,-24.5,2.9,0.0,0.0,35.9,0.0,49.0,9.7,17.0,-1.4,12.2,3.5,0.0,213.3
31-33 Industrias manufactureras,313 Fabricación de insumos textiles y acabado de textiles,3132 Fabricación de telas,8.8,15.2,-2.3,-1.2,17.0,12.6,-21.5,0.1,24.4,-0.8,35.5,42.6,14.0,7.5,-3.4,1.4,22.5,3.4,176.0
31-33 Industrias manufactureras,313 Fabricación de insumos textiles y acabado de textiles,3133 Acabado de productos textiles y fabricación de telas recubiertas,2.9,1.4,1.2,0.4,1.7,3.3,7.3,15.4,18.9,15.5,-0.5,9.9,21.2,-7.7,0.3,28.6,0.7,0.0,120.5
31-33 Industrias manufactureras,"314 Fabricación de productos textiles, excepto prendas de vestir","3141 Confección de alfombras, blancos y similares",145.6,63.4,40.8,1.4,85.2,-35.3,9.9,19.0,30.4,20.8,4.4,3.1,8.1,21.1,12.4,23.3,15.2,14.3,483.2
31-33 Industrias manufactureras,"314 Fabricación de productos textiles, excepto prendas de vestir","3149 Fabricación de otros productos textiles, excepto prendas de vestir",8.6,6.1,9.0,3.6,6.7,7.4,8.8,29.5,18.4,8.9,11.3,3.1,1.6,2.4,5.8,2.4,10.7,0.5,144.9
31-33 Industrias manufactureras,315 Fabricación de prendas de vestir,3151 Fabricación de prendas de vestir de tejido de punto,20.6,33.8,25.7,13.9,80.0,48.9,10.6,21.3,81.5,-1.7,90.7,111.5,14.5,13.1,8.9,3.6,6.3,-0.2,582.9
31-33 Industrias manufactureras,315 Fabricación de prendas de vestir,3152 Confección de prendas de vestir,156.7,-41.6,48.3,126.1,27.5,40.0,54.5,70.8,38.0,52.9,31.5,37.9,43.5,24.2,-4.8,8.9,38.7,11.6,764.8
31-33 Industrias manufactureras,315 Fabricación de prendas de vestir,3159 Confección de accesorios de vestir y otras prendas de vestir no clasificados en otra parte,13.7,5.5,16.1,7.3,7.0,6.1,4.7,4.6,8.7,4.4,18.1,6.3,14.4,13.4,20.8,3.0,20.6,0.0,173.0
31-33 Industrias manufactureras,"316 Curtido y acabado de cuero y piel, y fabricación de productos de cuero, piel y materiales sucedáneos",3161 Curtido y acabado de cuero y piel,0.0,0.0,0.0,0.0,0.0,1.6,0.0,0.0,0.0,0.0,0.0,46.7,0.0,0.0,0.0,0.0,-6.4,0.0,146.7
31-33 Industrias manufactureras,"316 Curtido y acabado de cuero y piel, y fabricación de productos de cuero, piel y materiales sucedáneos",3162 Fabricación de calzado,6.9,22.5,4.3,-1.3,-2.1,7.4,1.5,9.8,1.5,2.9,2.7,1.2,1.8,20.8,4.8,2.7,2.7,0.6,90.4
31-33 Industrias manufactureras,"316 Curtido y acabado de cuero y piel, y fabricación de productos de cuero, piel y materiales sucedáneos","3169 Fabricación de otros productos de cuero, piel y materiales sucedáneos",9.5,11.5,22.8,4.3,2.0,25.5,10.5,5.1,9.7,0.0,0.0,6.8,0.0,6.7,33.2,0.0,5.9,0.0,160.7
31-33 Industrias manufactureras,321 Industria de la madera,3212 Fabricación de laminados y aglutinados de madera,0.0,0.0,0.0,0.0,0.0,0.0,0.0,0.0,0.0,0.0,0.0,0.0,0.0,0.0,0.0,0.0,0.0,0.0,0.1
31-33 Industrias manufactureras,321 Industria de la madera,3219 Fabricación de otros productos de madera,6.9,6.3,3.7,5.3,19.3,8.6,7.8,87.2,33.7,89.1,24.1,-5.3,16.2,-27.8,9.5,4.1,0.7,46.2,335.6
31-33 Industrias manufactureras,322 Industria del papel,"3221 Fabricación de pulpa, papel y cartón",11.6,79.3,64.6,239.8,47.0,58.0,77.8,60.4,268.6,-5.1,336.2,114.8,59.2,81.8,3.9,20.8,"1,152.0",79.3,"2,749.8"
31-33 Industrias manufactureras,322 Industria del papel,3222 Fabricación de productos de cartón y papel,1.8,36.3,-0.1,-1.4,145.5,-5.0,28.3,240.8,167.3,104.8,249.5,18.6,147.0,84.5,116.5,125.6,18.9,17.1,"1,496.2"
31-33 Industrias manufactureras,323 Impresión e industrias conexas,3231 Impresión e industrias conexas,40.7,52.8,46.1,23.5,8.0,7.1,16.7,8.9,7.2,5.1,3.0,21.4,39.8,23.9,53.4,38.6,5.3,6.0,407.5
31-33 Industrias manufactureras,324 Fabricación de productos derivados del petróleo y del carbón,3241 Fabricación de productos derivados del petróleo y del carbón,21.3,0.7,0.0,0.0,0.0,-2.7,6.6,0.0,0.0,1.6,13.6,2.7,16.0,0.0,24.0,10.3,5.9,5.2,113.3
31-33 Industrias manufactureras,325 Industria química,3251 Fabricación de productos químicos básicos,-4.1,"1,185.5",20.9,39.0,-303.8,416.5,486.6,329.5,595.6,"1,214.3",981.9,88.8,357.0,227.8,212.9,19.9,-476.6,109.1,"5,500.6"
31-33 Industrias manufactureras,325 Industria química,"3252 Fabricación de resinas y hules sintéticos, y fibras químicas",39.7,28.3,52.7,16.9,9.5,208.7,34.7,44.4,67.3,50.3,81.1,134.8,137.6,111.3,57.7,56.8,85.0,51.8,"1,268.6"
31-33 Industrias manufactureras,325 Industria química,"3253 Fabricación de fertilizantes, pesticidas y otros agroquímicos",-136.1,146.9,14.4,17.8,26.4,12.4,13.3,22.3,18.9,53.2,27.8,19.2,30.1,21.9,9.7,19.2,115.3,0.0,441.2
31-33 Industrias manufactureras,325 Industria química,3254 Fabricación de productos farmacéuticos,515.5,966.7,761.5,"1,256.4",223.0,354.1,403.6,"1,189.1",505.3,150.3,"2,498.4",-83.1,560.0,"1,032.9",397.8,539.4,379.7,967.0,"12,617.7"
31-33 Industrias manufactureras,325 Industria química,"3255 Fabricación de pinturas, recubrimientos y adhesivos",15.0,91.4,86.1,-3.4,-41.4,20.9,22.1,33.1,"2,235.7",69.0,-98.0,111.3,99.3,268.0,208.9,91.6,72.7,46.0,"3,328.3"
31-33 Industrias manufactureras,325 Industria química,"3256 Fabricación de jabones, limpiadores y preparaciones de tocador","2,200.6",268.1,802.6,306.8,121.9,"2,293.6","1,037.4",727.4,327.3,-83.6,323.6,13.6,-174.1,158.3,454.3,81.1,239.8,155.2,"9,254.0"
31-33 Industrias manufactureras,325 Industria química,3259 Fabricación de otros productos químicos,30.3,60.1,20.1,-88.9,303.9,228.5,212.9,136.9,99.2,-56.3,121.0,199.1,94.3,130.3,40.7,68.7,121.0,11.1,"1,732.7"
31-33 Industrias manufactureras,326 Industria del plástico y del hule,3261 Fabricación de productos de plástico,269.4,345.5,245.0,285.1,379.9,428.2,628.5,"1,081.7",530.3,288.9,756.7,414.8,461.7,476.5,341.4,446.4,-136.5,183.8,"7,427.2"
31-33 Industrias manufactureras,326 Industria del plástico y del hule,3262 Fabricación de productos de hule,166.8,256.7,315.7,129.5,78.5,352.9,232.3,12.8,487.4,444.3,785.7,574.4,728.7,106.8,426.8,186.3,383.9,99.2,"5,768.7"
31-33 Industrias manufactureras,327 Fabricación de productos a base de minerales no metálicos,3271 Fabricación de productos a base de arcillas y minerales refractarios,191.0,97.6,33.6,2.2,-20.6,37.5,0.3,11.8,12.7,43.4,51.6,8.6,50.2,42.6,12.8,37.9,0.0,17.0,630.0
31-33 Industrias manufactureras,327 Fabricación de productos a base de minerales no metálicos,3272 Fabricación de vidrio y productos de vidrio,63.6,14.6,131.2,34.1,-10.6,18.4,11.6,17.1,40.4,"2,286.1",-47.5,102.2,237.3,242.0,655.1,-61.5,91.7,1.4,"3,827.4"
31-33 Industrias manufactureras,327 Fabricación de productos a base de minerales no metálicos,3273 Fabricación de cemento y productos de concreto,22.1,3.5,3.9,1.8,16.6,-8.4,69.5,228.6,0.0,0.0,11.1,57.2,140.8,-131.4,0.0,145.1,-34.6,0.0,723.1
31-33 Industrias manufactureras,327 Fabricación de productos a base de minerales no metálicos,"3274 Fabricación de cal, yeso y productos de yeso",0.0,0.0,0.0,0.0,0.0,0.0,0.0,0.0,0.0,0.0,0.0,0.0,0.0,0.0,0.0,0.0,0.0,0.0,43.9
31-33 Industrias manufactureras,327 Fabricación de productos a base de minerales no metálicos,3279 Fabricación de otros productos a base de minerales no metálicos,6.6,1.3,22.5,5.5,-3.8,-0.3,6.7,10.4,7.9,0.4,2.1,12.6,2.6,4.4,0.7,0.8,7.4,0.0,87.9
31-33 Industrias manufactureras,331 Industrias metálicas básicas,3311 Industria básica del hierro y del acero,219.4,"3,530.7",415.0,-2.3,53.1,287.4,465.9,"1,396.2",343.1,861.6,225.9,234.8,"1,497.7",217.5,461.7,409.7,"2,098.1","1,939.5","14,655.3"
31-33 Industrias manufactureras,331 Industrias metálicas básicas,3312 Fabricación de productos de hierro y acero,53.2,8.1,213.8,160.0,158.2,134.0,77.2,215.1,215.1,0.9,100.0,186.3,243.1,-2.0,-25.9,251.3,93.1,-7.7,"2,073.8"
31-33 Industrias manufactureras,331 Industrias metálicas básicas,3313 Industria básica del aluminio,7.4,17.5,8.0,11.9,13.3,31.2,38.4,4.8,141.5,94.3,25.7,0.6,12.9,9.5,1.7,6.5,20.0,16.7,461.8
31-33 Industrias manufactureras,331 Industrias metálicas básicas,"3314 Industrias de metales no ferrosos, excepto aluminio",0.0,0.0,2.2,0.9,9.5,4.6,-2.1,14.9,21.4,7.6,0.0,0.0,18.3,-30.7,11.2,-11.7,44.3,0.0,129.3
31-33 Industrias manufactureras,331 Industrias metálicas básicas,3315 Moldeo por fundición de piezas metálicas,19.1,20.8,4.1,1.8,2.7,8.4,14.7,11.3,20.7,16.9,31.6,19.6,23.4,26.0,4.9,46.8,39.2,1.7,313.7
31-33 Industrias manufactureras,332 Fabricación de productos metálicos,3321 Fabricación de productos metálicos forjados y troquelados,0.0,6.4,5.7,11.7,2.6,40.6,13.5,18.2,12.7,25.1,12.9,11.7,39.2,37.7,16.3,-5.7,-72.0,2.1,181.8
31-33 Industrias manufactureras,332 Fabricación de productos metálicos,3322 Fabricación de herramientas de mano sin motor y utensilios de cocina metálicos,24.8,22.5,0.1,2.1,0.4,6.9,3.1,2.0,2.6,2.9,19.5,12.9,0.0,0.0,1.0,0.2,14.0,0.0,116.8
31-33 Industrias manufactureras,332 Fabricación de productos metálicos,3323 Fabricación de estructuras metálicas y productos de herrería,3.0,10.6,6.9,1.9,3.8,0.0,24.9,9.5,14.0,2.7,4.7,32.9,47.1,29.0,8.8,0.1,4.2,11.3,215.4
31-33 Industrias manufactureras,332 Fabricación de productos metálicos,"3324 Fabricación de calderas, tanques y envases metálicos",1.8,-3.5,-7.2,2.9,11.0,3.7,-0.7,108.0,24.6,28.9,21.0,22.9,24.3,73.8,-17.6,-91.4,85.4,0.0,315.0
31-33 Industrias manufactureras,332 Fabricación de productos metálicos,3325 Fabricación de herrajes y cerraduras,26.9,24.6,35.0,4.5,-43.7,0.5,32.0,50.1,31.4,22.4,13.9,33.3,13.5,14.9,0.5,16.8,20.9,5.7,303.2
31-33 Industrias manufactureras,332 Fabricación de productos metálicos,"3326 Fabricación de alambre, productos de alambre y resortes",16.8,12.8,23.1,16.0,7.8,16.3,13.6,26.3,19.9,14.3,24.9,21.8,19.1,13.2,20.3,21.2,14.4,1.3,303.0
31-33 Industrias manufactureras,332 Fabricación de productos metálicos,3327 Maquinado de piezas y fabricación de tornillos,32.4,30.1,20.1,3.6,24.5,4.4,40.4,30.6,17.2,-54.5,1.9,146.3,10.2,19.9,48.3,76.2,16.6,3.7,471.8
31-33 Industrias manufactureras,332 Fabricación de productos metálicos,3328 Recubrimientos y terminados metálicos,0.0,0.0,0.0,0.0,0.0,0.2,0.3,3.8,1.4,0.0,0.0,0.0,0.0,0.0,0.0,0.0,0.0,0.0,5.5
31-33 Industrias manufactureras,332 Fabricación de productos metálicos,3329 Fabricación de otros productos metálicos,73.4,141.7,190.7,105.9,2.0,64.5,89.8,126.0,129.4,96.6,65.0,128.3,106.4,124.7,13.4,12.8,30.7,7.0,"1,508.1"
31-33 Industrias manufactureras,333 Fabricación de maquinaria y equipo,"3331 Fabricación de maquinaria y equipo agropecuario, para la construcción y para la industria extractiva",126.7,-22.3,153.6,-99.0,138.4,102.9,95.5,33.6,-36.2,66.6,271.0,172.4,403.6,-193.0,112.7,290.5,84.0,-7.6,"1,693.3"
31-33 Industrias manufactureras,333 Fabricación de maquinaria y equipo,"3332 Fabricación de maquinaria y equipo para las industrias manufactureras, excepto la metalmecánica",57.5,201.0,34.8,44.2,174.4,-267.6,156.2,185.7,-1.7,20.0,71.6,153.4,170.3,62.2,53.3,110.1,-158.0,16.7,"1,084.0"
31-33 Industrias manufactureras,333 Fabricación de maquinaria y equipo,3333 Fabricación de maquinaria y equipo para el comercio y los servicios,144.0,-37.7,-25.8,30.8,42.0,15.0,48.4,227.4,118.8,31.9,15.7,40.0,22.5,20.6,29.6,23.4,20.4,24.5,791.6
31-33 Industrias manufactureras,333 Fabricación de maquinaria y equipo,"3334 Fabricación de equipo de aire acondicionado, calefacción, y de refrigeración industrial y comercial",465.4,442.3,217.1,95.3,549.5,229.8,156.2,-76.4,"1,039.1","1,776.5",498.8,455.8,115.5,234.0,514.1,"1,376.4",501.6,128.3,"8,719.4"
31-33 Industrias manufactureras,333 Fabricación de maquinaria y equipo,3335 Fabricación de maquinaria y equipo para la industria metalmecánica,0.0,0.0,0.0,0.0,0.0,0.0,14.8,10.8,19.2,32.3,19.6,24.4,21.0,21.5,-23.8,7.5,31.0,0.0,239.6
31-33 Industrias manufactureras,333 Fabricación de maquinaria y equipo,"3336 Fabricación de motores de combustión interna, turbinas y transmisiones",74.3,45.3,28.3,534.2,26.6,40.2,52.5,-404.4,44.7,40.2,42.0,65.9,64.0,19.8,77.7,166.2,82.0,12.0,"1,011.5"
31-33 Industrias manufactureras,333 Fabricación de maquinaria y equipo,3339 Fabricación de otra maquinaria y equipo para la industria en general,29.8,48.7,85.5,60.1,42.4,89.8,57.5,95.6,366.1,108.9,89.5,132.2,76.5,58.8,137.9,38.2,27.4,25.5,"1,570.6"
31-33 Industrias manufactureras,"334 Fabricación de equipo de computación, comunicación, medición y de otros equipos, componentes y accesorios electrónicos",3341 Fabricación de computadoras y equipo periférico,378.9,231.7,-222.8,177.5,857.6,52.1,308.0,343.9,-20.1,240.5,-53.4,-77.3,289.2,-113.4,47.5,95.4,-27.2,-74.3,"2,433.7"
31-33 Industrias manufactureras,"334 Fabricación de equipo de computación, comunicación, medición y de otros equipos, componentes y accesorios electrónicos",3342 Fabricación de equipo de comunicación,247.8,358.8,415.6,86.8,722.4,189.0,404.0,522.0,450.3,192.9,282.0,305.5,346.6,335.1,307.5,425.3,883.2,221.9,"6,696.8"
31-33 Industrias manufactureras,"334 Fabricación de equipo de computación, comunicación, medición y de otros equipos, componentes y accesorios electrónicos",3343 Fabricación de equipo de audio y de video,206.5,181.0,253.8,516.7,400.3,195.3,279.1,189.4,176.1,108.1,304.2,93.8,180.1,176.7,80.8,107.8,167.2,19.4,"3,636.4"
31-33 Industrias manufactureras,"334 Fabricación de equipo de computación, comunicación, medición y de otros equipos, componentes y accesorios electrónicos",3344 Fabricación de componentes electrónicos,364.3,147.6,212.4,262.4,179.1,105.3,235.8,113.0,151.7,224.6,557.9,484.7,405.9,92.6,306.7,411.9,183.9,88.3,"4,528.2"
31-33 Industrias manufactureras,"334 Fabricación de equipo de computación, comunicación, medición y de otros equipos, componentes y accesorios electrónicos","3345 Fabricación de instrumentos de medición, control, navegación, y equipo médico electrónico",126.3,82.7,101.2,113.6,85.5,55.5,125.3,336.8,103.6,129.1,146.3,96.8,278.3,161.0,127.6,188.0,152.6,37.8,"2,448.1"
31-33 Industrias manufactureras,"334 Fabricación de equipo de computación, comunicación, medición y de otros equipos, componentes y accesorios electrónicos",3346 Fabricación y reproducción de medios magnéticos y ópticos,-4.4,2.0,0.1,0.0,-1.1,0.0,0.0,0.0,0.0,0.0,0.0,20.0,0.0,0.0,40.5,0.0,-23.5,0.0,134.2
31-33 Industrias manufactureras,"335 Fabricación de accesorios, aparatos eléctricos y equipo de generación de energía eléctrica",3351 Fabricación de accesorios de iluminación,24.8,19.4,46.4,54.7,-16.3,19.7,6.8,19.9,28.5,9.4,14.0,23.6,1.6,24.1,13.2,9.8,11.3,5.2,316.0
31-33 Industrias manufactureras,"335 Fabricación de accesorios, aparatos eléctricos y equipo de generación de energía eléctrica",3352 Fabricación de aparatos eléctricos de uso doméstico,178.3,168.5,351.3,50.3,-6.5,106.9,22.5,317.4,-42.4,-150.8,227.2,120.3,27.0,-70.3,56.4,843.1,-12.4,294.4,"2,481.2"
31-33 Industrias manufactureras,"335 Fabricación de accesorios, aparatos eléctricos y equipo de generación de energía eléctrica",3353 Fabricación de equipo de generación y distribución de energía eléctrica,93.4,185.7,171.3,98.2,97.4,131.1,178.9,106.9,183.9,160.0,122.3,180.5,166.4,126.7,111.9,64.9,496.7,44.9,"2,721.0"
31-33 Industrias manufactureras,"335 Fabricación de accesorios, aparatos eléctricos y equipo de generación de energía eléctrica",3359 Fabricación de otros equipos y accesorios eléctricos,148.1,197.1,156.5,151.9,87.9,214.0,127.7,"1,383.9",150.8,201.4,354.8,361.7,317.7,719.3,190.2,167.4,254.5,82.1,"5,266.8"
31-33 Industrias manufactureras,336 Fabricación de equipo de transporte,3361 Fabricación de automóviles y camiones,74.7,323.2,314.1,629.2,834.5,554.7,"1,162.5","1,844.9","2,778.2","3,340.3","2,705.1","4,029.6","3,466.2","4,345.0","2,954.2","1,608.0","2,897.3","1,358.2","35,220.1"
31-33 Industrias manufactureras,336 Fabricación de equipo de transporte,3362 Fabricación de carrocerías y remolques,0.0,0.0,0.0,0.0,0.0,0.0,0.0,0.0,5.3,0.0,0.0,0.0,0.0,0.0,0.0,0.0,0.0,0.0,28.6
31-33 Industrias manufactureras,336 Fabricación de equipo de transporte,3363 Fabricación de partes para vehículos automotores,"1,788.9","1,736.6","1,191.1",889.3,868.6,"1,514.0","1,889.3","2,187.9","2,012.2","2,349.9","2,501.6","3,353.6","2,901.3","3,014.1",817.3,"2,397.4","1,199.8",398.3,"33,011.0"
31-33 Industrias manufactureras,336 Fabricación de equipo de transporte,3364 Fabricación de equipo aeroespacial,35.6,76.0,47.7,62.6,160.0,209.0,131.2,117.9,367.1,182.4,162.0,217.9,116.9,32.5,108.9,175.7,193.7,68.9,"2,466.2"
31-33 Industrias manufactureras,336 Fabricación de equipo de transporte,3365 Fabricación de equipo ferroviario,16.6,1.5,291.1,171.5,280.2,111.3,26.1,71.0,10.8,54.3,-45.6,-0.3,38.4,15.3,48.4,17.3,22.1,0.0,"1,130.2"
31-33 Industrias manufactureras,336 Fabricación de equipo de transporte,3366 Fabricación de embarcaciones,29.9,0.7,0.0,1.6,0.0,0.0,0.0,0.0,0.0,0.0,0.0,0.0,0.0,26.2,4.0,65.9,0.0,0.0,142.7
31-33 Industrias manufactureras,336 Fabricación de equipo de transporte,3369 Fabricación de otro equipo de transporte,2.0,0.5,3.5,3.0,-2.8,3.4,0.0,3.6,30.6,0.8,25.9,0.0,10.9,14.7,2.1,4.5,13.9,0.0,129.4
31-33 Industrias manufactureras,"337 Fabricación de muebles, colchones y persianas","3371 Fabricación de muebles, excepto de oficina y estantería",11.4,26.5,7.1,27.5,36.9,11.6,6.9,31.3,484.4,60.1,40.4,21.3,107.2,18.8,24.9,14.1,-9.6,5.2,926.0
31-33 Industrias manufactureras,"337 Fabricación de muebles, colchones y persianas",3372 Fabricación de muebles de oficina y estantería,0.0,0.0,0.0,0.0,0.0,0.0,0.0,0.0,0.0,0.0,0.0,0.0,0.0,0.0,0.0,0.0,0.0,0.0,0.4
31-33 Industrias manufactureras,"337 Fabricación de muebles, colchones y persianas","3379 Fabricación de colchones, persianas y cortineros",0.1,0.0,0.0,0.0,0.0,0.0,0.0,0.0,0.0,0.0,0.0,0.0,0.0,0.0,0.0,0.0,0.0,0.0,14.3
31-33 Industrias manufactureras,339 Otras industrias manufactureras,"3391 Fabricación de equipo no electrónico y material desechable de uso médico, dental y para laboratorio, y artículos oftálmicos",38.5,62.6,76.5,44.1,93.4,37.8,29.5,23.1,35.3,0.8,10.0,4.5,46.4,86.6,65.5,31.0,79.8,15.1,780.4
31-33 Industrias manufactureras,339 Otras industrias manufactureras,3399 Otras industrias manufactureras,140.9,68.1,-23.3,276.8,232.0,87.1,-68.5,370.2,153.1,351.2,253.7,172.7,214.6,509.9,216.6,257.1,230.8,77.7,"3,520.4"
43 Comercio al por mayor,"431 Comercio al por mayor de abarrotes, alimentos, bebidas, hielo y tabaco",4311 Comercio al por mayor de abarrotes y alimentos,80.7,68.2,55.9,-30.6,56.8,128.7,-10.0,94.9,113.4,163.8,34.3,66.9,141.9,349.3,35.3,91.2,23.0,-12.0,"1,451.7"
43 Comercio al por mayor,"431 Comercio al por mayor de abarrotes, alimentos, bebidas, hielo y tabaco","4312 Comercio al por mayor de bebidas, hielo y tabaco",6.7,-4.9,13.4,-1.0,-3.1,-25.0,-3.5,-1.0,-12.9,2.5,3.9,56.9,6.0,26.6,33.4,-19.2,47.5,17.5,143.9
43 Comercio al por mayor,432 Comercio al por mayor de productos textiles y calzado,4321 Comercio al por mayor de productos textiles y calzado,11.4,-6.5,-23.9,92.8,28.7,325.4,215.2,34.4,54.8,136.6,93.8,120.4,101.0,176.5,52.5,27.5,21.5,44.6,"1,506.7"
43 Comercio al por mayor,"433 Comercio al por mayor de productos farmacéuticos, de perfumería, artículos para el esparcimiento, electrodomésticos menores y aparatos de línea blanca",4331 Comercio al por mayor de productos farmacéuticos,66.8,111.5,73.3,61.0,92.1,161.0,97.2,46.2,121.8,-65.1,96.3,24.6,79.8,130.3,57.7,87.0,196.0,20.6,"1,457.9"
43 Comercio al por mayor,"433 Comercio al por mayor de productos farmacéuticos, de perfumería, artículos para el esparcimiento, electrodomésticos menores y aparatos de línea blanca","4332 Comercio al por mayor de artículos de perfumería, cosméticos y joyería",58.8,82.4,124.7,37.2,47.4,67.0,68.6,44.2,4.7,2.6,29.2,27.9,58.2,44.1,50.5,16.6,81.2,38.5,883.7
43 Comercio al por mayor,"433 Comercio al por mayor de productos farmacéuticos, de perfumería, artículos para el esparcimiento, electrodomésticos menores y aparatos de línea blanca","4333 Comercio al por mayor de discos, juguetes y artículos deportivos",-6.3,5.4,6.8,-1.9,30.1,25.8,3.0,23.2,56.5,21.5,12.4,61.7,12.9,-21.2,1.8,-2.5,2.4,0.0,241.7
43 Comercio al por mayor,"433 Comercio al por mayor de productos farmacéuticos, de perfumería, artículos para el esparcimiento, electrodomésticos menores y aparatos de línea blanca","4334 Comercio al por mayor de artículos de papelería, libros, revistas y periódicos",0.0,0.0,0.0,0.9,0.8,23.1,0.5,0.2,1.0,0.0,0.0,0.0,0.8,5.0,0.0,0.0,0.0,0.0,51.2
43 Comercio al por mayor,"433 Comercio al por mayor de productos farmacéuticos, de perfumería, artículos para el esparcimiento, electrodomésticos menores y aparatos de línea blanca",4335 Comercio al por mayor de electrodomésticos menores y aparatos de línea blanca,3.4,9.4,42.6,98.5,46.7,-23.2,-17.8,11.9,-34.1,-3.6,6.6,4.5,24.1,33.9,16.2,26.8,62.2,0.0,310.1
43 Comercio al por mayor,"434 Comercio al por mayor de materias primas agropecuarias y forestales, para la industria, y materiales de desecho",4341 Comercio al por mayor de materias primas agropecuarias y forestales,0.6,6.1,15.3,-10.0,13.5,67.5,17.0,502.9,122.0,5.5,22.5,72.1,-28.0,50.2,90.4,16.1,66.4,7.3,"1,037.5"
43 Comercio al por mayor,"434 Comercio al por mayor de materias primas agropecuarias y forestales, para la industria, y materiales de desecho",4342 Comercio al por mayor de materias primas para la industria,113.9,1.5,78.7,63.9,78.4,291.7,9.9,112.6,156.4,94.0,230.8,445.1,107.8,821.8,5.5,430.3,147.4,46.2,"3,235.9"
43 Comercio al por mayor,"434 Comercio al por mayor de materias primas agropecuarias y forestales, para la industria, y materiales de desecho",4343 Comercio al por mayor de materiales de desecho,-0.5,-8.0,5.4,6.2,2.7,3.1,9.4,5.4,5.7,0.0,0.0,0.4,13.5,4.5,1.8,9.2,0.0,0.0,57.9
43 Comercio al por mayor,"435 Comercio al por mayor de maquinaria, equipo y mobiliario para actividades agropecuarias, industriales, de servicios y comerciales, y de otra maquinaria y equipo de uso general","4351 Comercio al por mayor de maquinaria y equipo agropecuario, forestal y para la pesca",15.6,2.3,14.6,3.8,9.2,8.6,6.1,47.0,-15.5,2.9,0.0,4.7,2.7,0.0,26.1,38.8,15.4,0.0,189.1
43 Comercio al por mayor,"435 Comercio al por mayor de maquinaria, equipo y mobiliario para actividades agropecuarias, industriales, de servicios y comerciales, y de otra maquinaria y equipo de uso general",4352 Comercio al por mayor de maquinaria y equipo para la industria,80.9,44.6,40.3,102.5,64.5,52.7,71.9,72.3,108.6,43.0,29.1,70.1,146.9,190.1,-2.8,-34.5,62.6,31.9,"1,174.8"
43 Comercio al por mayor,"435 Comercio al por mayor de maquinaria, equipo y mobiliario para actividades agropecuarias, industriales, de servicios y comerciales, y de otra maquinaria y equipo de uso general",4353 Comercio al por mayor de maquinaria y equipo para los servicios y para actividades comerciales,0.9,-57.4,-41.8,-85.4,-100.2,-15.9,9.9,43.1,3.4,97.4,59.1,39.7,101.8,94.0,34.4,76.6,15.0,22.7,297.3
43 Comercio al por mayor,"435 Comercio al por mayor de maquinaria, equipo y mobiliario para actividades agropecuarias, industriales, de servicios y comerciales, y de otra maquinaria y equipo de uso general","4354 Comercio al por mayor de mobiliario y equipo de cómputo y de oficina, y de otra maquinaria y equipo de uso general",46.0,31.6,41.7,15.0,-133.9,71.4,135.9,97.0,99.5,322.7,145.3,318.3,190.4,31.9,190.6,3.3,-122.4,-53.1,"1,431.3"
43 Comercio al por mayor,"436 Comercio al por mayor de camiones y de partes y refacciones nuevas para automóviles, camionetas y camiones","4361 Comercio al por mayor de camiones y de partes y refacciones nuevas para automóviles, camionetas y camiones",15.7,79.8,59.1,-13.0,-29.2,52.2,-1.7,18.4,17.6,70.3,13.9,-8.6,111.9,51.5,46.5,34.1,66.4,66.5,651.2
43 Comercio al por mayor,437 Intermediación de comercio al por mayor,"4371 Intermediación de comercio al por mayor, excepto a través de internet y de otros medios electrónicos",2.1,-3.7,0.0,-10.6,0.3,0.6,1.9,101.7,5.9,-1.6,1.3,5.8,50.9,78.4,26.1,25.8,52.5,0.0,337.6
43 Comercio al por mayor,437 Intermediación de comercio al por mayor,4372 Intermediación de comercio al por mayor exclusivamente a través de internet y otros medios electrónicos,0.0,0.0,0.0,5.3,0.1,0.3,1.0,2.0,2.9,27.7,73.9,118.8,339.7,455.6,246.9,603.1,407.9,92.3,"2,377.5"
46 Comercio al por menor,"461 Comercio al por menor de abarrotes, alimentos, bebidas, hielo y tabaco",4611 Comercio al por menor de abarrotes y alimentos,3.1,14.0,20.2,73.1,16.3,57.3,11.4,10.8,0.9,-3.2,3.7,3.5,3.8,5.7,19.3,5.6,2.0,0.0,247.6
46 Comercio al por menor,"461 Comercio al por menor de abarrotes, alimentos, bebidas, hielo y tabaco","4612 Comercio al por menor de bebidas, hielo y tabaco",0.0,0.0,0.0,0.0,0.0,0.0,0.3,0.0,2.4,0.0,0.0,0.0,0.0,0.0,0.0,0.0,0.0,0.0,2.4
46 Comercio al por menor,462 Comercio al por menor en tiendas de autoservicio y departamentales,4621 Comercio al por menor en tiendas de autoservicio,-265.6,658.3,892.2,753.7,"2,209.2","1,413.2","1,362.2","1,041.8",642.0,"1,189.3",296.5,860.6,608.8,624.3,642.1,609.0,451.5,0.0,"14,226.5"
46 Comercio al por menor,462 Comercio al por menor en tiendas de autoservicio y departamentales,4622 Comercio al por menor en tiendas departamentales,0.0,0.0,0.0,0.0,0.0,0.0,0.0,36.9,321.2,321.1,300.8,236.3,289.7,27.8,82.3,0.0,0.0,0.0,"1,887.1"
46 Comercio al por menor,"463 Comercio al por menor de productos textiles, bisutería, accesorios de vestir y calzado","4631 Comercio al por menor de productos textiles, excepto ropa",0.0,0.0,0.0,0.0,0.0,6.1,0.0,0.0,0.1,0.0,0.0,0.0,0.0,0.0,0.0,0.0,0.0,0.0,7.5
46 Comercio al por menor,"463 Comercio al por menor de productos textiles, bisutería, accesorios de vestir y calzado","4632 Comercio al por menor de ropa, bisutería y accesorios de vestir",0.5,0.0,0.1,3.7,16.2,0.7,60.6,49.0,122.5,25.9,43.2,-74.1,2.3,3.4,26.8,10.7,5.5,0.0,297.3
46 Comercio al por menor,"463 Comercio al por menor de productos textiles, bisutería, accesorios de vestir y calzado",4633 Comercio al por menor de calzado,0.0,0.0,0.0,0.0,0.0,0.0,0.0,0.0,0.0,0.0,0.0,0.0,0.0,0.0,0.0,0.0,0.0,0.0,0.0
46 Comercio al por menor,464 Comercio al por menor de artículos para el cuidado de la salud,4641 Comercio al por menor de artículos para el cuidado de la salud,-8.6,-0.2,3.6,3.6,-1.2,1.4,-0.1,5.6,3.0,2.5,0.4,18.1,1.0,10.8,-1.2,-9.1,-2.0,0.0,27.6
46 Comercio al por menor,"465 Comercio al por menor de artículos de papelería, para el esparcimiento y otros artículos de uso personal",4651 Comercio al por menor de artículos de perfumería y joyería,-0.6,-3.0,3.2,-58.8,-138.0,-143.3,-37.0,20.7,35.0,37.7,2.9,4.8,10.7,-1.0,-0.2,8.1,15.8,0.0,-215.4
46 Comercio al por menor,"465 Comercio al por menor de artículos de papelería, para el esparcimiento y otros artículos de uso personal",4652 Comercio al por menor de artículos para el esparcimiento,0.0,0.0,1.4,0.0,0.0,0.0,0.0,9.2,-5.5,-1.3,0.0,0.0,-0.5,4.2,0.0,23.5,4.7,0.0,5.6
46 Comercio al por menor,"465 Comercio al por menor de artículos de papelería, para el esparcimiento y otros artículos de uso personal","4653 Comercio al por menor de artículos de papelería, libros, revistas y periódicos",0.0,0.0,0.0,1.6,1.5,0.0,0.0,-672.2,0.0,0.0,0.0,0.0,0.0,0.0,0.0,0.0,0.0,0.0,-672.9
46 Comercio al por menor,"465 Comercio al por menor de artículos de papelería, para el esparcimiento y otros artículos de uso personal","4659 Comercio al por menor de mascotas, regalos, artículos religiosos, desechables, artesanías y otros artículos de uso personal",0.5,-0.5,1.8,3.8,3.9,58.2,189.8,3.3,23.4,9.4,6.6,3.1,6.2,2.7,8.1,8.5,23.8,0.0,352.4
46 Comercio al por menor,"466 Comercio al por menor de enseres domésticos, computadoras, artículos para la decoración de interiores y artículos usados",4661 Comercio al por menor de muebles para el hogar y otros enseres domésticos,1.5,1.4,31.1,15.2,68.8,42.5,56.8,54.8,19.5,60.0,35.2,49.0,48.6,42.8,-24.5,-17.7,7.3,0.0,492.3
46 Comercio al por menor,"466 Comercio al por menor de enseres domésticos, computadoras, artículos para la decoración de interiores y artículos usados","4662 Comercio al por menor de mobiliario, equipo y accesorios de cómputo, teléfonos y otros aparatos de comunicación",0.0,0.0,3.9,-12.1,0.9,36.2,-8.3,20.5,3.8,-24.7,13.4,5.9,10.0,1.6,1.5,-2.0,4.0,0.0,55.1
46 Comercio al por menor,"466 Comercio al por menor de enseres domésticos, computadoras, artículos para la decoración de interiores y artículos usados",4663 Comercio al por menor de artículos para la decoración de interiores,-0.1,0.0,3.6,0.0,0.0,17.8,-3.1,15.1,-1.5,0.0,1.4,3.9,0.0,0.1,0.0,6.2,0.0,0.0,43.4
46 Comercio al por menor,"466 Comercio al por menor de enseres domésticos, computadoras, artículos para la decoración de interiores y artículos usados",4664 Comercio al por menor de artículos usados,0.0,0.0,0.0,0.0,0.0,0.0,0.0,0.0,0.0,0.0,0.0,0.0,0.0,0.0,0.0,0.0,0.0,0.0,0.0
46 Comercio al por menor,"467 Comercio al por menor de artículos de ferretería, tlapalería y vidrios","4671 Comercio al por menor de artículos de ferretería, tlapalería y vidrios",1.7,0.0,-0.2,-3.0,30.1,9.0,79.5,-7.2,16.5,-9.3,86.8,19.2,14.1,19.5,-3.2,14.5,31.0,0.0,298.1
46 Comercio al por menor,"468 Comercio al por menor de vehículos de motor, refacciones, combustibles y lubricantes",4681 Comercio al por menor de automóviles y camionetas,0.0,66.6,-9.0,-1.3,9.1,1.2,-1.3,-7.7,-8.1,10.2,4.4,-4.8,-12.2,7.5,7.9,26.0,77.8,0.0,177.5
46 Comercio al por menor,"468 Comercio al por menor de vehículos de motor, refacciones, combustibles y lubricantes","4682 Comercio al por menor de partes y refacciones para automóviles, camionetas y camiones",0.0,-9.9,41.3,26.0,-2.7,68.9,220.3,146.0,71.6,76.2,34.3,22.9,54.1,28.3,4.7,10.4,-64.1,84.8,817.9
46 Comercio al por menor,"468 Comercio al por menor de vehículos de motor, refacciones, combustibles y lubricantes",4683 Comercio al por menor de motocicletas y otros vehículos de motor,0.0,-2.0,7.1,-8.1,2.5,0.0,-20.2,1.0,7.3,0.0,0.0,0.0,0.0,0.0,0.3,0.0,0.0,0.0,-2.5
46 Comercio al por menor,"468 Comercio al por menor de vehículos de motor, refacciones, combustibles y lubricantes","4684 Comercio al por menor de combustibles, aceites y grasas lubricantes",24.4,22.3,-1.8,-3.3,-10.9,3.6,245.3,-195.6,0.9,-2.8,-12.6,13.2,87.2,48.4,11.6,149.4,-46.1,0.0,375.9
46 Comercio al por menor,"469 Comercio al por menor exclusivamente a través de internet, y catálogos impresos, televisión y similares","4691 Comercio al por menor exclusivamente a través de internet, y catálogos impresos, televisión y similares",0.0,0.0,0.0,0.0,3.9,4.2,1.7,0.3,0.0,0.3,0.0,0.0,0.0,5.6,0.1,0.0,0.0,0.0,11.2
"47-48 Transporte, correos y almacenamiento",481 Transporte aéreo,4811 Transporte aéreo regular,8.1,14.3,125.0,79.2,2.8,1.4,89.2,53.5,0.0,0.0,0.0,706.8,0.0,35.8,44.7,8.5,"2,131.3",0.0,"3,606.6"
"47-48 Transporte, correos y almacenamiento",481 Transporte aéreo,4812 Transporte aéreo no regular,43.5,81.2,88.8,-0.2,0.0,0.0,0.0,0.0,0.0,0.0,0.0,0.0,0.0,0.0,0.0,0.0,0.0,0.0,215.8
"47-48 Transporte, correos y almacenamiento",482 Transporte por ferrocarril,4821 Transporte por ferrocarril,34.8,-523.6,190.0,-108.3,189.9,-145.1,0.0,262.5,308.5,860.3,0.0,151.2,397.3,129.7,0.0,269.7,0.0,0.0,"2,908.6"
"47-48 Transporte, correos y almacenamiento",483 Transporte por agua,4831 Transporte marítimo,9.8,619.7,31.7,-18.9,-14.1,0.0,-31.7,-18.1,-29.7,-5.2,-16.1,18.0,5.5,9.5,6.1,2.1,0.0,0.0,562.3
"47-48 Transporte, correos y almacenamiento",484 Autotransporte de carga,4841 Autotransporte de carga general,0.0,0.0,0.1,0.0,0.0,0.0,0.0,0.0,0.0,0.0,0.0,0.0,0.0,0.0,0.0,0.0,0.0,0.0,10.8
"47-48 Transporte, correos y almacenamiento",484 Autotransporte de carga,4842 Autotransporte de carga especializado,0.0,0.0,0.0,0.0,0.0,0.0,0.0,0.0,0.0,0.0,0.0,0.0,0.0,0.0,0.0,0.0,0.0,0.0,0.0
"47-48 Transporte, correos y almacenamiento","485 Transporte terrestre de pasajeros, excepto por ferrocarril",4853 Servicio de taxis y limusinas,0.0,0.0,0.0,0.0,0.0,0.0,0.0,0.0,0.0,0.0,0.0,0.0,0.0,0.0,0.0,0.0,0.0,0.0,0.0
"47-48 Transporte, correos y almacenamiento","485 Transporte terrestre de pasajeros, excepto por ferrocarril",4855 Alquiler de autobuses con chofer,0.0,0.0,0.0,0.0,0.0,0.0,0.0,0.0,0.0,0.0,0.0,0.0,0.0,0.0,0.0,0.0,0.0,0.0,0.0
"47-48 Transporte, correos y almacenamiento","485 Transporte terrestre de pasajeros, excepto por ferrocarril",4859 Otro Transporte terrestre de pasajeros,0.0,0.0,0.0,0.0,0.0,0.0,0.0,0.0,0.0,0.0,0.0,0.0,0.0,0.0,0.0,0.0,0.0,0.0,2.2
"47-48 Transporte, correos y almacenamiento",486 Transporte por ductos,4861 Transporte de petróleo crudo por ductos,0.0,0.0,0.0,0.0,0.0,0.0,0.0,0.0,0.0,0.0,0.0,0.0,0.0,0.0,0.0,0.0,0.0,0.0,0.0
"47-48 Transporte, correos y almacenamiento",486 Transporte por ductos,4862 Transporte de gas natural por ductos,118.2,234.9,959.7,-106.4,447.2,97.1,919.0,943.3,"1,124.7","1,880.8","1,402.1","2,232.8",516.6,419.7,86.1,"2,286.9",906.7,289.3,"14,758.6"
"47-48 Transporte, correos y almacenamiento",486 Transporte por ductos,4869 Transporte por ductos de otros productos,0.0,0.0,0.0,0.0,0.0,0.0,0.0,0.0,0.0,0.0,0.0,0.0,0.0,0.0,0.0,0.0,0.0,0.0,0.0
"47-48 Transporte, correos y almacenamiento",487 Transporte turístico,4871 Transporte turístico por tierra,0.0,0.0,0.0,0.0,0.0,0.0,0.0,0.0,0.0,0.0,0.0,0.0,0.0,0.0,0.0,0.0,0.0,0.0,0.2
"47-48 Transporte, correos y almacenamiento",487 Transporte turístico,4872 Transporte turístico por agua,2.9,0.0,0.0,0.0,0.0,0.0,0.0,0.0,0.0,0.0,0.0,0.0,0.0,0.0,0.0,0.0,0.0,0.0,13.5
"47-48 Transporte, correos y almacenamiento",487 Transporte turístico,4879 Otro transporte turístico,0.0,0.0,0.0,0.0,0.0,0.0,0.0,0.0,0.0,0.0,0.0,0.0,0.0,0.0,0.0,0.0,0.0,0.0,0.0
"47-48 Transporte, correos y almacenamiento",488 Servicios relacionados con el transporte,4881 Servicios relacionados con el transporte aéreo,13.5,54.4,108.3,7.4,92.1,112.8,38.4,56.8,82.0,-10.8,0.3,13.3,20.0,4.3,20.4,404.5,27.3,0.0,"1,125.3"
"47-48 Transporte, correos y almacenamiento",488 Servicios relacionados con el transporte,4883 Servicios relacionados con el transporte por agua,21.7,9.6,12.6,9.2,-30.6,65.5,111.5,120.0,200.8,61.6,87.1,157.8,185.0,213.7,127.7,-116.3,-61.7,179.0,"1,354.2"
"47-48 Transporte, correos y almacenamiento",488 Servicios relacionados con el transporte,4884 Servicios relacionados con el transporte por carretera,0.0,0.0,0.0,0.0,0.0,0.0,0.0,0.0,0.0,0.0,0.0,0.0,0.0,0.0,0.0,0.0,0.0,0.0,556.9
"47-48 Transporte, correos y almacenamiento",488 Servicios relacionados con el transporte,4885 Servicios de intermediación para el transporte de carga,2.8,2.5,12.2,19.4,1.6,-0.9,3.7,5.9,9.9,5.2,13.0,14.2,7.1,29.9,33.4,11.1,33.7,70.1,274.6
"47-48 Transporte, correos y almacenamiento",488 Servicios relacionados con el transporte,4889 Otros servicios relacionados con el transporte,-4.0,3.8,3.7,4.8,13.3,5.5,0.4,19.9,30.8,-8.0,26.1,5.5,8.1,16.2,13.6,7.8,0.0,0.0,147.4
"47-48 Transporte, correos y almacenamiento",492 Servicios de mensajería y paquetería,4921 Servicios de mensajería y paquetería foránea,-2.6,11.3,5.3,0.5,0.6,31.7,163.2,41.0,66.5,17.7,16.3,11.5,89.6,27.0,2.6,0.0,-17.1,0.0,473.3
"47-48 Transporte, correos y almacenamiento",492 Servicios de mensajería y paquetería,4922 Servicios de mensajería y paquetería local,0.0,0.0,0.0,0.0,0.0,0.0,0.0,0.0,0.0,0.0,0.0,0.0,0.0,0.0,0.0,0.0,33.5,0.0,33.7
"47-48 Transporte, correos y almacenamiento",493 Servicios de almacenamiento,4931 Servicios de almacenamiento,40.8,131.1,36.2,20.0,10.9,35.9,12.9,0.9,18.3,0.0,0.0,-3.3,65.7,30.5,-2.9,0.0,19.3,0.0,490.8
51 Información en medios masivos,"511 Edición de periódicos, revistas, libros, software y otros materiales, y edición de estas publicaciones integrada con la impresión","5111 Edición de periódicos, revistas, libros y similares, y edición de estas publicaciones integrada con la impresión",0.0,-0.6,-1.2,18.6,-2.3,1.3,0.0,17.2,41.3,0.2,0.0,-6.3,0.0,37.0,0.0,0.0,0.0,0.0,104.5
51 Información en medios masivos,"511 Edición de periódicos, revistas, libros, software y otros materiales, y edición de estas publicaciones integrada con la impresión",5112 Edición de software y edición de software integrada con la reproducción,8.7,11.4,3.2,6.6,13.6,135.2,-1.1,29.1,0.2,54.9,16.7,5.2,108.3,29.9,-35.1,83.8,26.3,-19.0,477.9
51 Información en medios masivos,"512 Industria fílmica y del video, e industria del sonido",5121 Industria fílmica y del video,52.9,5.1,1.4,62.4,2.6,4.9,-32.3,12.8,-4.9,2.1,30.5,2.1,29.4,3.7,5.2,-1.8,39.7,0.0,216.1
51 Información en medios masivos,"512 Industria fílmica y del video, e industria del sonido",5122 Industria del sonido,0.0,0.0,0.0,0.0,0.0,0.0,0.0,5.3,0.0,0.0,0.0,4.1,1.8,-1.8,-7.6,0.0,0.0,0.0,-0.6
51 Información en medios masivos,515 Radio y televisión,5151 Transmisión de programas de radio y televisión,0.0,0.0,0.0,0.0,0.0,0.0,0.0,0.0,0.0,0.0,0.0,0.0,0.0,0.0,0.0,0.0,0.0,0.0,329.1
51 Información en medios masivos,515 Radio y televisión,5152 Producción de programación de canales para sistemas de televisión por cable o satelitales,15.1,-408.9,34.5,0.0,0.0,"1,088.3",0.0,0.0,0.0,-612.5,0.0,0.0,0.0,0.0,0.0,0.0,0.0,0.0,"5,750.0"
51 Información en medios masivos,517 Telecomunicaciones,5173 Operadores de servicios de telecomunicaciones alámbricas e inalámbricas,507.1,379.4,"1,109.8",442.7,"2,434.7",489.4,564.1,"2,590.5","-4,660.7","2,872.6",729.4,246.9,926.8,"1,515.4",958.6,322.5,22.6,-183.4,"11,268.4"
51 Información en medios masivos,517 Telecomunicaciones,5174 Operadores de servicios de telecomunicaciones vía satélite,24.3,-11.2,-5.3,-31.5,-60.5,12.3,17.5,34.2,384.3,-133.2,-65.6,70.6,104.4,91.5,96.6,-34.5,7.4,0.0,506.9
51 Información en medios masivos,517 Telecomunicaciones,5179 Otros servicios de telecomunicaciones,0.0,0.0,0.2,0.0,0.4,2.4,7.3,16.2,0.0,10.3,20.8,4.2,31.1,54.2,9.0,49.0,1.2,0.0,140.2
51 Información en medios masivos,"518 Procesamiento electrónico de información, hospedaje y otros servicios relacionados","5182 Procesamiento electrónico de información, hospedaje y otros servicios relacionados",0.0,0.0,0.0,0.0,0.0,18.6,-10.7,3.6,0.9,0.8,55.3,22.4,2.1,18.0,40.6,104.3,52.6,0.0,334.6
51 Información en medios masivos,519 Otros servicios de información,5191 Otros servicios de información,8.6,8.0,4.7,8.8,113.8,32.7,-0.6,33.2,4.6,28.5,88.7,8.7,30.3,52.5,207.8,36.5,153.2,130.8,950.7
52 Servicios financieros y de seguros,522 Instituciones de intermediación crediticia y financiera no bursátil,5221 Banca múltiple,"4,137.5","5,367.8","6,360.3","2,534.6","1,926.5","2,128.8","-2,728.1",-107.3,"3,977.9","2,653.4","1,922.6","1,249.7","1,536.2","3,814.0","5,531.9","3,531.7","3,176.1","5,265.4","52,279.1"
52 Servicios financieros y de seguros,522 Instituciones de intermediación crediticia y financiera no bursátil,5222 Instituciones financieras de fomento económico,0.0,0.0,0.0,0.0,-1.8,0.0,0.0,0.0,0.0,0.0,0.0,12.8,42.5,28.9,137.2,7.7,5.8,0.0,231.4
52 Servicios financieros y de seguros,522 Instituciones de intermediación crediticia y financiera no bursátil,5223 Uniones de crédito e instituciones de ahorro,135.0,462.6,35.8,87.1,124.7,-38.0,6.4,-403.4,26.4,90.5,17.6,23.8,34.1,124.8,-53.8,271.8,108.9,0.0,"1,073.2"
52 Servicios financieros y de seguros,522 Instituciones de intermediación crediticia y financiera no bursátil,5224 Otras instituciones de intermediación crediticia y financiera no bursátil,111.3,234.2,197.0,275.9,-17.6,33.9,102.9,566.6,245.1,-49.3,210.1,744.6,117.9,161.5,143.7,-25.5,307.1,79.8,"3,439.3"
52 Servicios financieros y de seguros,522 Instituciones de intermediación crediticia y financiera no bursátil,5225 Servicios relacionados con la intermediación crediticia no bursátil,139.9,14.9,34.0,38.0,85.7,85.9,91.1,120.7,2.4,-290.7,5.9,128.5,148.3,163.1,9.8,56.1,199.9,6.6,"1,040.1"
52 Servicios financieros y de seguros,"523 Actividades bursátiles, cambiarias y de inversión financiera","5231 Casas de bolsa, casas de cambio y centros cambiarios",21.5,-40.7,8.0,1.3,24.4,-23.7,1.5,15.8,50.3,119.7,156.3,1.0,0.0,36.4,66.3,25.1,-4.0,0.0,475.3
52 Servicios financieros y de seguros,"523 Actividades bursátiles, cambiarias y de inversión financiera",5232 Bolsa de valores,0.0,0.0,0.0,0.0,0.0,0.0,0.0,0.0,0.0,0.0,0.0,0.0,0.0,0.0,0.0,0.0,0.0,0.0,0.0
52 Servicios financieros y de seguros,"523 Actividades bursátiles, cambiarias y de inversión financiera",5239 Asesoría en inversiones y otros servicios relacionados con la intermediación bursátil,-262.1,27.8,195.4,245.7,255.9,300.7,144.2,441.9,282.0,540.3,197.2,175.7,115.4,716.2,144.9,37.7,288.7,176.3,"4,024.0"
52 Servicios financieros y de seguros,"524 Compañías de seguros, fianzas, y administración de fondos para el retiro",5241 Compañías de seguros y fianzas,160.2,-18.0,473.1,-105.0,29.3,257.7,78.2,"-1,202.4",225.2,174.1,214.8,196.8,6.3,406.2,477.4,784.9,250.4,469.7,"2,879.0"
52 Servicios financieros y de seguros,"524 Compañías de seguros, fianzas, y administración de fondos para el retiro","5242 Servicios relacionados con los seguros y las fianzas, y administración de fondos para el retiro",37.7,153.1,-21.1,-12.3,-4.5,-25.8,5.1,36.4,15.8,0.5,94.6,15.6,214.0,11.4,69.9,19.5,1.1,0.0,611.8
52 Servicios financieros y de seguros,525 Sociedades de inversión especializadas en fondos para el retiro y fondos de inversión,5252 Fondos de inversión,0.0,0.0,0.0,0.0,0.0,0.0,0.0,0.0,0.0,0.0,0.0,0.0,0.0,269.3,"2,302.8",242.6,"1,178.7",0.0,"4,681.0"
53 Servicios inmobiliarios y de alquiler de bienes muebles e intangibles,531 Servicios inmobiliarios,5311 Alquiler sin intermediación de bienes raíces,-26.7,2.8,25.0,2.8,1.3,22.6,-0.8,-1.4,10.0,61.9,37.3,-17.3,28.8,45.7,42.0,82.9,29.3,0.0,346.2
53 Servicios inmobiliarios y de alquiler de bienes muebles e intangibles,531 Servicios inmobiliarios,5312 Inmobiliarias y corredores de bienes raíces,764.3,"1,777.3","1,385.3","1,152.8",375.1,770.1,620.4,276.6,502.2,-49.3,172.2,169.0,166.4,100.1,-46.9,85.5,61.6,2.8,"8,285.5"
53 Servicios inmobiliarios y de alquiler de bienes muebles e intangibles,531 Servicios inmobiliarios,5313 Servicios relacionados con los servicios inmobiliarios,128.4,33.1,3.1,5.8,65.3,205.0,41.7,114.6,58.6,104.5,131.3,306.9,67.7,140.9,64.9,60.6,52.4,19.1,"1,603.8"
53 Servicios inmobiliarios y de alquiler de bienes muebles e intangibles,532 Servicios de alquiler de bienes muebles,"5321 Alquiler de automóviles, camiones y otros transportes terrestres",-8.0,-1.9,2.1,2.2,2.4,0.3,0.0,3.0,39.7,79.4,23.1,6.3,5.9,877.8,217.7,79.0,242.9,0.0,"1,572.0"
53 Servicios inmobiliarios y de alquiler de bienes muebles e intangibles,532 Servicios de alquiler de bienes muebles,5322 Alquiler de artículos para el hogar y personales,12.7,-0.7,207.5,14.1,-15.0,16.5,28.2,31.0,-49.4,0.1,2.4,0.0,15.2,0.0,0.0,0.0,0.0,0.0,341.8
53 Servicios inmobiliarios y de alquiler de bienes muebles e intangibles,532 Servicios de alquiler de bienes muebles,5323 Centros generales de alquiler,0.0,0.0,0.0,0.0,0.0,0.0,0.0,0.0,0.0,0.0,0.0,0.0,0.0,0.0,0.0,0.0,0.0,0.0,8.3
53 Servicios inmobiliarios y de alquiler de bienes muebles e intangibles,532 Servicios de alquiler de bienes muebles,"5324 Alquiler de maquinaria y equipo agropecuario, pesquero, industrial, comercial y de servicios",220.0,113.8,59.1,42.2,62.9,39.7,45.3,46.1,61.3,136.4,82.9,99.3,30.5,40.6,-19.0,-6.1,101.3,4.6,"1,160.9"
53 Servicios inmobiliarios y de alquiler de bienes muebles e intangibles,"533 Servicios de alquiler de marcas registradas, patentes y franquicias","5331 Servicios de alquiler de marcas registradas, patentes y franquicias",5.9,31.4,45.3,6.1,55.6,2.8,-1.7,26.4,11.3,1.4,2.3,-5.1,3.6,33.8,2.8,13.4,112.6,1.3,349.2
"55 Servicios profesionales, científicos y técnicos","541 Servicios profesionales, científicos y técnicos",5411 Servicios legales,0.0,0.0,2.9,4.4,0.0,0.0,0.0,0.3,1.1,0.0,0.0,2.8,1.7,0.0,2.4,0.0,0.0,0.0,33.5
"55 Servicios profesionales, científicos y técnicos","541 Servicios profesionales, científicos y técnicos","5412 Servicios de contabilidad, auditoría y servicios relacionados",125.5,101.7,220.4,20.9,38.5,56.7,42.7,90.0,29.0,16.0,16.3,5.6,8.0,12.2,53.9,-4.7,31.3,0.0,912.2
"55 Servicios profesionales, científicos y técnicos","541 Servicios profesionales, científicos y técnicos","5413 Servicios de arquitectura, ingeniería y actividades relacionadas",-35.8,43.5,-11.7,24.9,-16.4,75.5,322.9,177.3,-21.6,92.3,25.3,55.2,43.4,119.6,22.6,31.1,-4.4,0.4,944.0
"55 Servicios profesionales, científicos y técnicos","541 Servicios profesionales, científicos y técnicos",5414 Diseño especializado,-4.0,-9.8,-27.4,-9.0,-14.1,4.3,-13.0,-9.2,-9.5,0.0,3.8,5.2,0.3,3.8,5.8,4.5,-0.9,0.0,-69.2
"55 Servicios profesionales, científicos y técnicos","541 Servicios profesionales, científicos y técnicos",5415 Servicios de diseño de sistemas de cómputo y servicios relacionados,68.7,63.7,93.1,60.2,95.3,78.6,17.7,57.2,-17.4,3.6,60.3,96.5,4.4,69.9,114.2,-35.2,-125.5,56.9,762.3
"55 Servicios profesionales, científicos y técnicos","541 Servicios profesionales, científicos y técnicos","5416 Servicios de consultoría administrativa, científica y técnica",13.2,11.9,17.1,34.5,15.0,52.3,405.4,145.2,99.1,-63.6,13.1,68.8,51.2,86.3,29.1,22.3,-44.3,17.1,973.8
"55 Servicios profesionales, científicos y técnicos","541 Servicios profesionales, científicos y técnicos",5417 Servicios de investigación científica y desarrollo,18.2,-4.4,1.2,6.5,6.3,2.9,7.9,18.6,15.6,20.0,21.3,17.5,-37.2,39.9,93.0,110.9,-4.7,15.5,349.0
"55 Servicios profesionales, científicos y técnicos","541 Servicios profesionales, científicos y técnicos",5418 Servicios de publicidad y actividades relacionadas,25.9,10.1,1.7,38.3,0.1,-26.5,12.6,-60.9,-6.4,-39.5,7.0,82.9,20.1,-1.1,13.4,-8.5,43.0,0.0,112.4
"55 Servicios profesionales, científicos y técnicos","541 Servicios profesionales, científicos y técnicos","5419 Otros servicios profesionales, científicos y técnicos",3.8,18.6,44.9,33.7,-10.3,32.6,13.9,68.4,45.6,257.6,-3.4,11.2,3.4,98.3,43.3,56.3,139.2,10.6,867.6
55 Corporativos,561 Servicios de apoyo a los negocios,5611 Servicios de administración de negocios,-0.7,42.2,67.2,39.8,71.7,29.2,110.7,432.0,41.4,5.8,1.9,49.3,34.3,49.4,-28.9,58.9,81.7,0.0,"1,086.0"
55 Corporativos,561 Servicios de apoyo a los negocios,5612 Servicios combinados de apoyo en instalaciones,0.0,0.0,0.0,0.0,0.0,0.0,0.0,0.2,1.0,0.0,0.0,0.0,1.9,0.0,0.0,0.0,0.0,0.0,3.6
55 Corporativos,561 Servicios de apoyo a los negocios,5613 Servicios de empleo,28.0,1.9,-1.0,71.6,22.0,32.4,1.1,3.6,6.8,-0.1,4.8,6.0,50.7,0.2,4.5,1.3,10.3,-8.7,235.7
55 Corporativos,561 Servicios de apoyo a los negocios,"5614 Servicios de apoyo secretarial, fotocopiado, cobranza, investigación crediticia y similares",-1.2,4.4,19.1,10.5,17.1,14.8,-3.7,13.2,0.9,1.2,18.9,0.4,-11.5,3.4,24.6,-2.9,-1.3,0.0,107.8
55 Corporativos,561 Servicios de apoyo a los negocios,5615 Agencias de viajes y servicios de reservaciones,9.8,-2.5,31.9,8.8,-12.1,3.7,4.6,-1.1,0.7,1.8,11.5,37.8,-5.2,27.8,20.1,22.3,9.4,0.0,169.0
55 Corporativos,561 Servicios de apoyo a los negocios,"5616 Servicios de investigación, protección y seguridad",-340.1,1.8,0.1,-3.9,2.8,15.5,-32.7,-16.8,10.1,20.8,10.0,22.8,-2.8,-5.0,-45.1,-21.1,0.0,0.0,-383.6
55 Corporativos,561 Servicios de apoyo a los negocios,5617 Servicios de limpieza,2.4,1.7,0.5,1.4,0.2,0.8,2.4,0.9,0.0,0.0,-0.3,0.0,0.0,0.0,0.0,1.0,0.0,0.0,17.9
55 Corporativos,561 Servicios de apoyo a los negocios,5619 Otros servicios de apoyo a los negocios,603.3,195.5,49.5,505.1,1.7,657.5,118.5,105.6,122.1,-17.0,10.2,66.3,57.0,63.7,62.6,116.3,25.6,0.0,"2,809.8"
55 Corporativos,562 Manejo de residuos y servicios de remediación,5621 Recolección de residuos,0.0,0.0,0.0,10.2,0.0,-5.9,15.8,3.0,6.7,0.0,0.8,1.1,-0.2,0.0,0.0,0.0,0.0,0.0,31.7
61 Servicios educativos,611 Servicios educativos,"6111 Escuelas de educación básica, media y para necesidades especiales",1.2,38.9,105.0,0.1,6.1,2.7,3.3,12.8,0.0,2.6,0.0,30.2,55.9,0.0,0.0,0.0,17.8,0.0,288.6
61 Servicios educativos,611 Servicios educativos,6112 Escuelas de educación técnica superior,0.0,0.0,0.1,0.0,0.0,0.0,0.0,0.0,0.0,0.0,0.0,0.0,0.0,0.0,0.0,0.0,0.0,0.0,13.4
61 Servicios educativos,611 Servicios educativos,6113 Escuelas de educación superior,0.0,0.0,0.0,0.0,0.0,0.0,0.0,0.0,0.0,0.0,0.0,0.0,0.0,0.0,0.0,0.0,0.0,0.0,83.3
61 Servicios educativos,611 Servicios educativos,"6114 Escuelas comerciales, de computación y de capacitación para ejecutivos",0.0,0.0,0.3,1.4,1.0,0.0,0.0,0.0,0.0,0.0,0.0,0.0,0.0,0.0,0.0,0.0,0.0,0.0,2.9
61 Servicios educativos,611 Servicios educativos,6115 Escuelas de oficios,0.0,0.0,0.0,0.0,0.0,0.0,0.0,0.0,0.0,0.0,0.0,0.0,0.0,0.0,0.0,0.0,0.0,0.0,0.0
61 Servicios educativos,611 Servicios educativos,6116 Otros servicios educativos,0.0,0.4,2.5,0.0,0.0,2.8,0.4,0.1,0.0,13.6,0.0,0.0,0.0,4.5,-2.4,0.0,0.0,0.0,41.1
61 Servicios educativos,611 Servicios educativos,6117 Servicios de apoyo a la educación,0.0,0.0,0.0,0.0,0.0,0.0,0.0,0.2,0.0,0.0,0.0,0.0,0.0,0.0,0.0,0.0,0.0,0.0,1.2
62 Servicios de salud y de asistencia social,621 Servicios médicos de consulta externa y servicios relacionados,6211 Consultorios médicos,2.8,1.8,2.9,1.5,2.8,0.0,0.0,0.2,0.1,44.1,0.1,0.0,2.7,2.4,7.4,8.9,0.0,0.0,78.1
62 Servicios de salud y de asistencia social,621 Servicios médicos de consulta externa y servicios relacionados,6212 Consultorios dentales,0.0,0.0,0.0,1.4,0.0,0.9,0.0,1.5,0.4,0.5,2.3,0.0,20.5,0.0,0.0,0.0,0.0,0.0,29.3
62 Servicios de salud y de asistencia social,621 Servicios médicos de consulta externa y servicios relacionados,6213 Otros consultorios para el cuidado de la salud,0.0,0.0,0.0,0.0,0.0,0.3,0.9,0.5,0.0,0.0,0.0,0.0,0.0,0.0,0.0,0.0,5.1,0.0,6.9
62 Servicios de salud y de asistencia social,621 Servicios médicos de consulta externa y servicios relacionados,6214 Centros para la atención de pacientes que no requieren hospitalización,1.0,12.9,6.7,0.9,0.7,0.0,0.2,0.3,0.0,0.0,0.0,0.0,-13.4,1.1,0.0,0.1,0.0,0.0,10.6
62 Servicios de salud y de asistencia social,621 Servicios médicos de consulta externa y servicios relacionados,6215 Laboratorios médicos y de diagnóstico,1.0,7.6,8.3,-0.2,0.9,20.6,34.9,9.6,-1.7,0.5,0.0,4.8,2.5,2.7,2.8,3.2,0.0,0.0,104.9
62 Servicios de salud y de asistencia social,621 Servicios médicos de consulta externa y servicios relacionados,6216 Servicios de enfermería a domicilio,0.0,0.0,0.0,0.0,0.0,0.0,0.0,0.0,0.0,0.0,0.0,0.0,0.0,0.0,0.0,0.0,0.0,0.0,0.0
62 Servicios de salud y de asistencia social,621 Servicios médicos de consulta externa y servicios relacionados,"6219 Servicios de ambulancias, de bancos de órganos y otros servicios auxiliares al tratamiento médico",0.0,0.0,0.0,0.0,0.0,0.0,0.0,0.0,0.0,0.0,0.0,0.0,0.0,0.0,0.0,0.0,0.0,0.0,17.2
62 Servicios de salud y de asistencia social,622 Hospitales,6221 Hospitales generales,0.0,0.0,3.2,0.0,0.0,1.0,0.0,0.0,0.0,0.0,0.0,0.0,0.0,0.0,0.0,0.0,0.0,0.0,-6.6
62 Servicios de salud y de asistencia social,622 Hospitales,6223 Hospitales de otras especialidades médicas,0.0,0.0,0.0,0.0,0.0,0.0,0.0,6.1,0.0,0.0,0.0,6.4,0.0,0.0,0.0,0.0,0.0,0.0,21.6
62 Servicios de salud y de asistencia social,623 Residencias de asistencia social y para el cuidado de la salud,"6231 Residencias con cuidados de enfermeras para enfermos convalecientes, en rehabilitación, incurables y terminales",0.0,0.0,0.0,0.0,0.0,0.0,0.0,0.0,0.0,0.0,0.0,0.0,0.0,0.0,0.0,0.0,0.0,0.0,0.0
62 Servicios de salud y de asistencia social,623 Residencias de asistencia social y para el cuidado de la salud,"6232 Residencias para el cuidado de personas con problemas de retardo mental, trastorno mental y adicciones",0.0,0.0,0.0,0.0,0.0,0.0,0.0,0.0,0.0,0.0,0.0,0.0,0.0,0.0,0.0,0.0,0.0,0.0,0.0
62 Servicios de salud y de asistencia social,623 Residencias de asistencia social y para el cuidado de la salud,6233 Asilos y otras residencias para el cuidado de ancianos,0.0,0.0,0.0,0.0,0.0,0.0,0.0,0.0,0.0,0.0,0.0,0.0,0.0,0.0,0.0,0.0,0.0,0.0,4.8
62 Servicios de salud y de asistencia social,624 Otros servicios de asistencia social,6241 Servicios de orientación y trabajo social,0.0,0.0,0.0,0.0,0.0,0.0,0.0,0.0,0.0,0.0,0.0,0.0,0.0,0.0,0.0,0.0,0.0,0.0,0.0
62 Servicios de salud y de asistencia social,624 Otros servicios de asistencia social,"6242 Servicios comunitarios de alimentación, refugio y emergencia",0.0,0.0,0.0,0.0,0.0,0.0,0.0,0.0,0.0,0.0,0.0,0.0,0.0,0.0,0.0,0.0,0.0,0.0,0.0
62 Servicios de salud y de asistencia social,624 Otros servicios de asistencia social,"6243 Servicios de capacitación para el trabajo para personas desempleadas, subempleadas o con discapacidad",0.0,0.0,0.0,0.0,0.0,0.1,0.0,0.0,0.0,0.0,0.0,0.0,0.0,0.0,0.0,0.0,0.0,0.0,0.6
62 Servicios de salud y de asistencia social,624 Otros servicios de asistencia social,6244 Guarderías,0.0,0.0,0.0,0.0,0.0,0.0,0.0,0.0,0.0,0.0,0.0,0.0,0.0,0.0,0.0,0.0,0.0,0.0,0.0
"71 Servicios de esparcimiento culturales y deportivos, y otros servicios recreativos","711 Servicios artísticos, culturales y deportivos, y otros servicios relacionados",7111 Compañías y grupos de espectáculos artísticos y culturales,0.0,251.1,-19.5,0.0,0.1,0.0,1.9,21.6,0.0,0.0,0.0,0.0,0.0,0.0,0.0,0.0,0.0,0.0,291.0
"71 Servicios de esparcimiento culturales y deportivos, y otros servicios recreativos","711 Servicios artísticos, culturales y deportivos, y otros servicios relacionados",7112 Deportistas y equipos deportivos profesionales,0.0,0.0,0.0,0.0,0.0,49.1,0.0,0.0,0.0,0.0,0.0,0.0,0.0,0.0,0.0,0.0,0.0,0.0,51.5
"71 Servicios de esparcimiento culturales y deportivos, y otros servicios recreativos","711 Servicios artísticos, culturales y deportivos, y otros servicios relacionados","7113 Promotores de espectáculos artísticos, culturales, deportivos y similares",0.0,0.0,0.0,0.0,0.0,3.2,-3.7,0.1,0.0,0.0,0.0,0.0,0.0,0.0,0.0,0.0,0.0,0.0,-0.3
"71 Servicios de esparcimiento culturales y deportivos, y otros servicios recreativos","711 Servicios artísticos, culturales y deportivos, y otros servicios relacionados","7114 Agentes y representantes de artistas, deportistas y similares",0.0,0.0,0.0,0.0,0.0,0.0,0.0,0.0,0.0,0.0,0.0,0.0,0.0,0.0,0.0,0.0,0.0,0.0,0.3
"71 Servicios de esparcimiento culturales y deportivos, y otros servicios recreativos","711 Servicios artísticos, culturales y deportivos, y otros servicios relacionados","7115 Artistas, escritores y técnicos independientes",0.0,0.0,0.0,0.0,0.0,0.0,0.0,0.0,0.0,0.0,0.0,0.0,0.0,0.0,0.0,0.0,0.0,0.0,0.0
"71 Servicios de esparcimiento culturales y deportivos, y otros servicios recreativos","712 Museos, sitios históricos, zoológicos y similares","7121 Museos, sitios históricos, zoológicos y similares",0.0,0.0,0.0,0.0,0.0,0.0,0.0,0.0,0.0,0.0,0.0,0.0,0.0,0.0,0.0,0.0,0.0,0.0,0.0
"71 Servicios de esparcimiento culturales y deportivos, y otros servicios recreativos",713 Servicios de entretenimiento en instalaciones recreativas y otros servicios recreativos,7131 Parques con instalaciones recreativas y casas de juegos electrónicos,0.4,-0.8,4.0,8.1,33.6,35.5,-0.3,9.4,9.5,-7.2,15.5,68.5,34.0,38.8,-56.9,51.0,1.8,0.0,252.2
"71 Servicios de esparcimiento culturales y deportivos, y otros servicios recreativos",713 Servicios de entretenimiento en instalaciones recreativas y otros servicios recreativos,"7132 Casinos, loterías y otros juegos de azar",0.0,0.0,0.0,0.0,6.8,59.6,0.0,6.4,113.3,118.7,31.2,147.7,2.5,-45.1,0.0,9.0,2.3,0.0,527.8
"71 Servicios de esparcimiento culturales y deportivos, y otros servicios recreativos",713 Servicios de entretenimiento en instalaciones recreativas y otros servicios recreativos,7139 Otros servicios recreativos,3.3,2.5,6.0,3.9,4.1,16.2,11.1,6.9,2.7,5.8,4.7,5.5,4.2,11.5,12.5,36.0,34.8,0.0,171.9
72 Servicios de alojamiento temporal y de preparación de alimentos y bebidas,721 Servicios de alojamiento temporal,"7211 Hoteles, moteles y similares",376.7,577.6,383.5,169.9,148.5,84.8,447.6,854.3,190.4,46.9,140.8,185.8,562.2,356.9,380.5,-47.3,82.6,5.1,"4,946.9"
72 Servicios de alojamiento temporal y de preparación de alimentos y bebidas,721 Servicios de alojamiento temporal,7212 Campamentos y albergues recreativos,0.0,0.0,0.0,0.0,0.0,0.0,0.0,0.0,0.0,0.0,0.0,0.0,0.0,0.0,0.0,0.0,0.0,0.0,1.6
72 Servicios de alojamiento temporal y de preparación de alimentos y bebidas,721 Servicios de alojamiento temporal,"7213 Pensiones y casas de huéspedes, y departamentos y casas amueblados con servicios de hotelería","1,150.7","1,126.9",360.3,318.8,688.7,804.2,854.7,540.8,533.6,487.4,455.9,701.6,675.9,666.8,728.1,"1,488.6","1,376.5",241.7,"13,201.3"
72 Servicios de alojamiento temporal y de preparación de alimentos y bebidas,722 Servicios de preparación de alimentos y bebidas,7223 Servicios de preparación de alimentos por encargo,0.0,0.0,0.0,0.0,0.1,0.1,0.0,0.1,0.0,0.0,0.0,0.0,1.9,0.0,0.0,0.0,0.0,0.0,-9.7
72 Servicios de alojamiento temporal y de preparación de alimentos y bebidas,722 Servicios de preparación de alimentos y bebidas,"7224 Centros nocturnos, bares, cantinas y similares",0.0,0.4,0.0,0.1,0.0,0.1,0.0,0.0,0.1,0.0,0.0,0.0,0.0,0.0,0.0,0.0,0.0,0.0,0.8
72 Servicios de alojamiento temporal y de preparación de alimentos y bebidas,722 Servicios de preparación de alimentos y bebidas,7225 Servicios de preparación de alimentos y bebidas alcohólicas y no alcohólicas,-11.9,341.4,-325.1,10.6,167.9,195.3,60.0,-11.1,35.1,-27.9,6.8,4.5,14.1,17.2,-7.0,36.5,0.0,0.0,506.6
81 Otros servicios excepto actividades gubernamentales,811 Servicios de reparación y mantenimiento,8111 Reparación y mantenimiento de automóviles y camiones,0.2,0.1,0.3,0.7,0.6,4.1,0.8,1.0,0.2,0.0,0.0,0.0,12.9,7.8,0.2,1.0,14.4,0.0,47.6
81 Otros servicios excepto actividades gubernamentales,811 Servicios de reparación y mantenimiento,8112 Reparación y mantenimiento de equipo electrónico y de equipo de precisión,-11.4,-3.2,-0.1,1.5,3.9,14.1,2.8,7.2,1.4,-4.8,0.0,8.4,-2.6,11.3,3.6,20.8,3.8,0.0,65.0
81 Otros servicios excepto actividades gubernamentales,811 Servicios de reparación y mantenimiento,"8113 Reparación y mantenimiento de maquinaria y equipo agropecuario, industrial, comercial y de servicios",1.6,4.0,9.6,1.6,16.3,201.1,-14.5,37.7,33.6,2.5,11.8,-0.7,18.4,9.9,35.2,20.1,0.0,0.0,368.1
81 Otros servicios excepto actividades gubernamentales,811 Servicios de reparación y mantenimiento,8114 Reparación y mantenimiento de artículos para el hogar y personales,7.6,16.9,14.7,0.0,9.5,7.2,9.5,7.7,-24.3,0.0,2.2,9.6,3.3,0.6,-1.7,0.0,0.0,0.0,86.7
81 Otros servicios excepto actividades gubernamentales,812 Servicios personales,"8121 Salones y clínicas de belleza, baños públicos y bolerías",0.1,0.5,0.1,0.2,0.1,0.0,0.0,0.0,0.1,-0.1,0.0,0.0,0.0,0.0,0.0,0.0,0.2,0.0,1.2
81 Otros servicios excepto actividades gubernamentales,812 Servicios personales,8122 Lavanderías y tintorerías,0.0,0.0,0.0,0.0,0.0,0.0,0.1,1.1,0.0,0.2,0.0,0.0,0.0,0.0,0.0,0.0,0.0,0.0,2.4
81 Otros servicios excepto actividades gubernamentales,812 Servicios personales,8123 Servicios funerarios y administración de cementerios,0.0,40.0,0.0,0.2,0.0,0.0,0.0,0.0,0.0,0.0,0.0,0.0,0.0,0.0,0.0,0.0,0.0,0.0,40.4
81 Otros servicios excepto actividades gubernamentales,812 Servicios personales,8124 Estacionamientos y pensiones para vehículos automotores,0.0,0.0,0.0,0.0,0.0,0.0,0.0,0.0,0.0,0.0,0.0,0.0,0.0,0.0,0.0,0.0,0.0,0.0,1.0
81 Otros servicios excepto actividades gubernamentales,812 Servicios personales,8129 Servicios de revelado e impresión de fotografías y otros servicios personales,0.0,0.0,0.0,0.0,0.0,0.1,0.0,0.5,0.0,0.0,0.1,4.3,15.3,34.5,13.1,8.0,16.4,0.0,92.3
81 Otros servicios excepto actividades gubernamentales,813 Asociaciones y organizaciones,"8131 Asociaciones y organizaciones comerciales, laborales, profesionales y recreativas",0.1,1.2,1.6,0.0,0.0,0.0,0.0,0.0,0.0,0.0,0.0,0.0,0.0,0.0,0.0,0.0,0.0,0.0,3.0
81 Otros servicios excepto actividades gubernamentales,813 Asociaciones y organizaciones,"8132 Asociaciones y organizaciones religiosas, políticas y civiles",0.0,0.0,0.0,0.0,0.0,0.0,0.0,0.0,0.0,0.0,0.0,0.0,0.0,0.0,0.0,0.0,0.0,0.0,0.7
81 Otros servicios excepto actividades gubernamentales,814 Hogares con empleados domésticos,8141 Hogares con empleados domésticos,0.0,0.0,0.0,0.0,0.0,0.0,0.0,0.0,0.0,0.0,0.0,0.0,0.0,0.0,0.0,0.0,0.0,0.0,0.0
