Country,Region,Year,Total,Criminal ,Non Criminal
Afghanistan,Asia,2012,21,3,18
Albania,Europe,2012,134,38,96
Algeria,Africa,2012,18,9,9
Angola,Africa,2012,7,0,0
Antigua and Barbuda,South America,2012,37,23,14
Argentina,South America,2012,224,107,117
Armenia,Europe,2012,59,35,24
Australia,Oceania,2012,40,15,25
Austria,Europe,2012,9,4,5
Azerbaijan,Asia,2012,3,0,3
Bahamas,South America,2012,109,90,19
Bangladesh,Asia,2012,67,20,47
Barbados,South America,2012,50,42,8
Belarus,Europe,2012,30,13,17
Belgium,Europe,2012,15,9,6
Belize,South America,2012,204,146,58
Bolivia,South America,2012,153,94,59
Bosnia and Herzegovina,Europe,2012,52,47,5
Brazil,South America,2012,"2,738",426,"2,312"
Bulgaria,Europe,2012,53,23,30
Burkina Faso,Africa,2012,8,3,5
Burma,Asia,2012,3,0,3
Burundi,Africa,2012,4,0,0
Cabo Verde,Africa,2012,12,4,8
Cambodia,Asia,2012,91,80,11
Cameroon,Africa,2012,50,27,23
Canada,North America,2012,959,385,574
Chad,Africa,2012,0,0,0
Chile,South America,2012,106,61,45
"China, People's Republic",Asia,2012,907,213,694
Colombia,South America,2012,"1,607","1,057",550
"Congo, Democratic Republic",Africa,2012,15,4,11
"Congo, Republic",Africa,2012,11,4,7
Costa Rica,South America,2012,398,131,267
Cote d'Ivoire,Africa,2012,20,9,11
Croatia,Europe,2012,19,11,8
Cuba,South America,2012,64,56,8
Czechia,Europe,2012,48,21,27
Czechoslovakia (former),Europe,2012,16,6,10
Denmark,Europe,2012,14,3,11
Dominica,South America,2012,25,18,7
Dominican Republic,South America,2012,"2,896","2,187",709
Ecuador,South America,2012,"1,766",708,"1,058"
Egypt,Africa,2012,103,29,74
El Salvador,South America,2012,"18,910","8,670","10,240"
Estonia,Europe,2012,17,8,9
Ethiopia,Africa,2012,50,29,21
Fiji,Oceania,2012,32,15,17
France,Europe,2012,112,42,70
Gabon,Africa,2012,7,0,7
Gambia,Africa,2012,20,4,16
Georgia,Europe,2012,24,15,9
Germany,Europe,2012,115,58,57
Ghana,Africa,2012,184,80,104
Greece,Europe,2012,24,14,10
Grenada,South America,2012,28,15,13
Guatemala,South America,2012,"38,885","13,497","25,388"
Guinea,South America,2012,25,4,21
Guyana,South America,2012,177,147,30
Haiti,South America,2012,805,565,240
Honduras,South America,2012,"31,724","13,824","17,900"
Hungary,Europe,2012,74,23,51
India,Asia,2012,587,163,424
Indonesia,Asia,2012,221,20,201
Iran,Asia,2012,41,13,28
Iraq,Asia,2012,26,16,10
Ireland,Europe,2012,45,24,21
Israel,Asia,2012,197,41,156
Italy,Europe,2012,115,47,68
Jamaica,South America,2012,"1,327","1,157",170
Japan,Asia,2012,37,14,23
Jordan,Asia,2012,94,36,58
Kazakhstan,Asia,2012,35,13,22
Kenya,Africa,2012,138,90,48
"Korea, South",Asia,2012,374,181,193
Kosovo,Europe,2012,27,15,12
Kyrgyzstan,Asia,2012,10,0,0
Laos,Asia,2012,11,0,0
Latvia,Europe,2012,22,11,11
Lebanon,Europe,2012,65,30,35
Liberia,Europe,2012,31,11,20
Lithuania,Europe,2012,40,22,18
Malaysia,Asia,2012,31,12,19
Mali,Oceania,2012,16,6,10
Mexico,North America,2012,"300,469","151,337","149,132"
"Micronesia, Federated States",Oceania,2012,76,0,0
Moldova,Europe,2012,58,23,35
Mongolia,Asia,2012,64,25,39
Montenegro,Europe,2012,12,8,4
Morocco,Africa,2012,60,34,26
Nepal,Asia,2012,43,9,34
Netherlands,Europe,2012,47,28,19
New Zealand,Oceania,2012,30,15,15
Nicaragua,South America,2012,"1,426",729,697
Niger,Africa,2012,13,7,6
Nigeria,Africa,2012,302,159,143
North Macedonia,Europe,2012,28,9,19
Norway,Europe,2012,10,0,0
Pakistan,Asia,2012,181,64,117
Palau,Africa,2012,16,16,0
Panama,South America,2012,129,94,35
Paraguay,South America,2012,20,7,13
Peru,South America,2012,779,412,367
Philippines,Asia,2012,513,299,214
Poland,Europe,2012,410,161,249
Portugal,Europe,2012,143,89,54
Romania,Europe,2012,209,85,124
Russia,Europe,2012,173,74,99
Rwanda,Africa,2012,4,0,0
Saint Kitts and Nevis,Africa,2012,40,32,8
Saint Lucia,South America,2012,25,13,12
Saint Vincent and the Grenadines,South America,2012,29,25,4
Samoa,Africa,2012,5,0,0
Saudi Arabia,Asia,2012,33,17,16
Senegal,Africa,2012,37,11,26
Serbia,Europe,2012,18,12,6
Serbia and Montenegro (former),Europe,2012,25,3,22
Sierra Leone,Africa,2012,38,28,10
Singapore,Asia,2012,0,0,0
Slovakia,Europe,2012,26,8,18
Somalia,Africa,2012,31,0,0
South Africa,Africa,2012,49,26,23
South Sudan,Africa,2012,0,0,0
Spain,Europe,2012,97,38,59
Sri Lanka,Asia,2012,118,12,106
Sudan,Africa,2012,23,16,7
Suriname,Africa,2012,5,5,0
Sweden,Europe,2012,36,16,20
Switzerland,Europe,2012,13,4,9
Syria,Asia,2012,19,0,0
Taiwan,Asia,2012,54,13,41
Tajikistan,Asia,2012,16,6,10
Tanzania,Africa,2012,15,8,7
Thailand,Asia,2012,70,24,46
Togo,Africa,2012,16,7,9
Tonga,Africa,2012,32,27,5
Trinidad and Tobago,South America,2012,236,178,58
Tunisia,Asia,2012,16,12,4
Turkey,Asia,2012,120,34,86
Turkmenistan,Asia,2012,3,0,0
Uganda,Africa,2012,11,5,6
Ukraine,Europe,2012,167,81,86
United Kingdom,Europe,2012,359,201,158
Uruguay,South America,2012,115,60,55
Uzbekistan,Asia,2012,34,8,26
Venezuela,South America,2012,278,123,155
Vietnam,Asia,2012,69,29,40
Yemen,Asia,2012,37,11,26
Zambia,Africa,2012,19,12,7
Zimbabwe,Africa,2012,13,5,8
Afghanistan,Asia,2013,11,5,6
Albania,Europe,2013,64,31,33
Algeria,Africa,2013,6,0,0
Angola,Africa,2013,19,0,0
Antigua and Barbuda,South America,2013,25,17,8
Argentina,South America,2013,158,88,70
Armenia,Europe,2013,36,29,7
Australia,Oceania,2013,44,23,21
Austria,Europe,2013,14,5,9
Azerbaijan,Asia,2013,7,0,0
Bahamas,South America,2013,98,80,18
Bangladesh,Asia,2013,64,13,51
Barbados,South America,2013,27,24,3
Belarus,Europe,2013,15,10,5
Belgium,Europe,2013,13,6,7
Belize,South America,2013,175,121,54
Bolivia,South America,2013,122,65,57
Bosnia and Herzegovina,Europe,2013,75,69,6
Brazil,South America,2013,"1,573",375,"1,198"
Bulgaria,Europe,2013,42,24,18
Burkina Faso,Africa,2013,9,0,0
Burma,Asia,2013,10,3,7
Burundi,Africa,2013,0,0,0
Cabo Verde,Africa,2013,3,0,0
Cambodia,Asia,2013,16,11,5
Cameroon,Africa,2013,32,16,16
Canada,North America,2013,818,383,435
Chad,Africa,2013,0,0,0
Chile,South America,2013,104,59,45
"China, People's Republic",Asia,2013,977,188,789
Colombia,South America,2013,"1,468",929,539
"Congo, Democratic Republic",Africa,2013,0,0,0
"Congo, Republic",Africa,2013,6,0,0
Costa Rica,South America,2013,332,128,204
Cote d'Ivoire,Africa,2013,25,9,16
Croatia,Europe,2013,9,6,3
Cuba,South America,2013,41,30,11
Czechia,Europe,2013,7,0,7
Czechoslovakia (former),Europe,2013,40,18,22
Denmark,Europe,2013,4,0,0
Dominica,South America,2013,18,9,9
Dominican Republic,South America,2013,"2,322","1,821",501
Ecuador,South America,2013,"1,509",579,930
Egypt,Africa,2013,72,22,50
El Salvador,South America,2013,"21,130","9,472","11,658"
Estonia,Europe,2013,18,9,9
Ethiopia,Africa,2013,48,25,23
Fiji,Oceania,2013,23,16,7
France,Europe,2013,76,32,44
Gabon,Africa,2013,0,0,0
Gambia,Africa,2013,17,5,12
Georgia,Europe,2013,37,15,22
Germany,Europe,2013,88,52,36
Ghana,Africa,2013,111,54,57
Greece,Europe,2013,28,13,15
Grenada,South America,2013,11,5,6
Guatemala,South America,2013,"47,013","15,426","31,587"
Guinea,South America,2013,20,0,0
Guyana,South America,2013,154,135,19
Haiti,South America,2013,532,458,74
Honduras,South America,2013,"36,635","16,598","20,037"
Hungary,Europe,2013,66,29,37
India,Asia,2013,458,135,323
Indonesia,Asia,2013,121,21,100
Iran,Asia,2013,33,10,23
Iraq,Asia,2013,28,15,13
Ireland,Europe,2013,51,22,29
Israel,Asia,2013,129,34,95
Italy,Europe,2013,121,51,70
Jamaica,South America,2013,"1,112",999,113
Japan,Asia,2013,48,18,30
Jordan,Asia,2013,66,32,34
Kazakhstan,Asia,2013,23,8,15
Kenya,Africa,2013,110,68,42
"Korea, South",Asia,2013,260,134,126
Kosovo,Europe,2013,22,13,9
Kyrgyzstan,Asia,2013,11,0,0
Laos,Asia,2013,10,5,5
Latvia,Europe,2013,40,10,30
Lebanon,Europe,2013,43,19,24
Liberia,Europe,2013,42,37,5
Lithuania,Europe,2013,40,27,13
Malaysia,Asia,2013,20,10,10
Mali,Oceania,2013,10,0,0
Mexico,North America,2013,"306,875","146,170","160,705"
"Micronesia, Federated States",Oceania,2013,79,0,0
Moldova,Europe,2013,39,20,19
Mongolia,Asia,2013,28,14,14
Montenegro,Europe,2013,18,9,9
Morocco,Africa,2013,46,33,13
Nepal,Asia,2013,46,12,34
Netherlands,Europe,2013,44,23,21
New Zealand,Oceania,2013,18,8,10
Nicaragua,South America,2013,"1,339",692,647
Niger,Africa,2013,10,0,0
Nigeria,Africa,2013,347,135,212
North Macedonia,Europe,2013,18,7,11
Norway,Europe,2013,0,0,0
Pakistan,Asia,2013,135,40,95
Palau,Africa,2013,16,16,0
Panama,South America,2013,122,82,40
Paraguay,South America,2013,22,6,16
Peru,South America,2013,677,327,350
Philippines,Asia,2013,367,218,149
Poland,Europe,2013,244,110,134
Portugal,Europe,2013,81,57,24
Romania,Europe,2013,198,87,111
Russia,Europe,2013,141,70,71
Rwanda,Africa,2013,5,0,5
Saint Kitts and Nevis,Africa,2013,15,11,4
Saint Lucia,South America,2013,26,10,16
Saint Vincent and the Grenadines,South America,2013,22,17,5
Samoa,Africa,2013,10,6,4
Saudi Arabia,Asia,2013,48,17,31
Senegal,Africa,2013,40,16,24
Serbia,Europe,2013,0,0,0
Serbia and Montenegro (former),Europe,2013,26,7,19
Sierra Leone,Africa,2013,16,10,6
Singapore,Asia,2013,7,0,0
Slovakia,Europe,2013,23,8,15
Somalia,Africa,2013,64,34,30
South Africa,Africa,2013,34,17,17
South Sudan,Africa,2013,38,38,0
Spain,Europe,2013,92,29,63
Sri Lanka,Asia,2013,78,6,72
Sudan,Africa,2013,25,13,12
Suriname,Africa,2013,13,10,3
Sweden,Europe,2013,23,13,10
Switzerland,Europe,2013,8,4,4
Syria,Asia,2013,15,3,12
Taiwan,Asia,2013,43,14,29
Tajikistan,Asia,2013,11,4,7
Tanzania,Africa,2013,26,16,10
Thailand,Asia,2013,59,19,40
Togo,Africa,2013,9,0,0
Tonga,Africa,2013,22,19,3
Trinidad and Tobago,South America,2013,179,136,43
Tunisia,Asia,2013,14,7,7
Turkey,Asia,2013,92,29,63
Turkmenistan,Asia,2013,6,0,0
Uganda,Africa,2013,19,9,10
Ukraine,Europe,2013,121,75,46
United Kingdom,Europe,2013,266,171,95
Uruguay,South America,2013,81,45,36
Uzbekistan,Asia,2013,31,9,22
Venezuela,South America,2013,214,87,127
Vietnam,Asia,2013,67,40,27
Yemen,Asia,2013,19,9,10
Zambia,Africa,2013,12,0,0
Zimbabwe,Africa,2013,14,8,6
Afghanistan,Asia,2014,21,10,11
Albania,Europe,2014,49,23,26
Algeria,Africa,2014,7,3,4
Angola,Africa,2014,15,3,12
Antigua and Barbuda,South America,2014,13,13,0
Argentina,South America,2014,121,64,57
Armenia,Europe,2014,30,0,0
Australia,Oceania,2014,44,19,25
Austria,Europe,2014,4,0,4
Azerbaijan,Asia,2014,7,0,0
Bahamas,South America,2014,103,87,16
Bangladesh,Asia,2014,84,28,56
Barbados,South America,2014,16,12,4
Belarus,Europe,2014,19,12,7
Belgium,Europe,2014,10,4,6
Belize,South America,2014,136,79,57
Bolivia,South America,2014,87,47,40
Bosnia and Herzegovina,Europe,2014,51,46,5
Brazil,South America,2014,980,281,699
Bulgaria,Europe,2014,35,16,19
Burkina Faso,Africa,2014,12,0,0
Burma,Asia,2014,4,0,0
Burundi,Africa,2014,4,0,0
Cabo Verde,Africa,2014,13,7,6
Cambodia,Asia,2014,71,65,6
Cameroon,Africa,2014,34,16,18
Canada,North America,2014,720,305,415
Chad,Africa,2014,0,0,0
Chile,South America,2014,83,46,37
"China, People's Republic",Asia,2014,741,148,593
Colombia,South America,2014,"1,375",876,499
"Congo, Democratic Republic",Africa,2014,0,0,0
"Congo, Republic",Africa,2014,11,6,5
Costa Rica,South America,2014,286,125,161
Cote d'Ivoire,Africa,2014,10,0,0
Croatia,Europe,2014,6,0,0
Cuba,South America,2014,28,16,12
Czechia,Europe,2014,36,5,31
Czechoslovakia (former),Europe,2014,10,7,3
Denmark,Europe,2014,6,0,0
Dominica,South America,2014,15,11,4
Dominican Republic,South America,2014,"2,072","1,642",430
Ecuador,South America,2014,"1,569",571,998
Egypt,Africa,2014,69,21,48
El Salvador,South America,2014,"26,671","8,952","17,719"
Estonia,Europe,2014,11,6,5
Ethiopia,Africa,2014,33,20,13
Fiji,Oceania,2014,19,13,6
France,Europe,2014,68,25,43
Gabon,Africa,2014,6,0,0
Gambia,Africa,2014,7,3,4
Georgia,Europe,2014,19,9,10
Germany,Europe,2014,77,49,28
Ghana,Africa,2014,113,48,65
Greece,Europe,2014,30,13,17
Grenada,South America,2014,14,10,4
Guatemala,South America,2014,"54,405","13,722","40,683"
Guinea,South America,2014,15,6,9
Guyana,South America,2014,138,119,19
Haiti,South America,2014,398,352,46
Honduras,South America,2014,"40,877","14,064","26,813"
Hungary,Europe,2014,60,25,35
India,Asia,2014,445,107,338
Indonesia,Asia,2014,66,11,55
Iran,Asia,2014,20,7,13
Iraq,Asia,2014,28,16,12
Ireland,Europe,2014,31,14,17
Israel,Asia,2014,108,31,77
Italy,Europe,2014,90,43,47
Jamaica,South America,2014,"1,043",834,209
Japan,Asia,2014,36,11,25
Jordan,Asia,2014,74,33,41
Kazakhstan,Asia,2014,18,5,13
Kenya,Africa,2014,89,61,28
"Korea, South",Asia,2014,226,129,97
Kosovo,Europe,2014,10,7,3
Kyrgyzstan,Asia,2014,23,0,0
Laos,Asia,2014,3,0,3
Latvia,Europe,2014,29,21,8
Lebanon,Europe,2014,57,30,27
Liberia,Europe,2014,19,13,6
Lithuania,Europe,2014,29,17,12
Malaysia,Asia,2014,23,12,11
Mali,Oceania,2014,20,9,11
Mexico,North America,2014,"265,022","126,138","138,884"
"Micronesia, Federated States",Oceania,2014,62,0,0
Moldova,Europe,2014,36,12,24
Mongolia,Asia,2014,23,9,14
Montenegro,Europe,2014,9,4,5
Morocco,Africa,2014,43,21,22
Nepal,Asia,2014,32,17,15
Netherlands,Europe,2014,38,22,16
New Zealand,Oceania,2014,18,11,7
Nicaragua,South America,2014,"1,318",643,675
Niger,Africa,2014,8,0,0
Nigeria,Africa,2014,463,126,337
North Macedonia,Europe,2014,13,0,0
Norway,Europe,2014,5,0,0
Pakistan,Asia,2014,102,48,54
Palau,Africa,2014,15,15,0
Panama,South America,2014,91,56,35
Paraguay,South America,2014,18,7,11
Peru,South America,2014,688,325,363
Philippines,Asia,2014,320,203,117
Poland,Europe,2014,197,96,101
Portugal,Europe,2014,62,47,15
Romania,Europe,2014,152,72,80
Russia,Europe,2014,103,42,61
Rwanda,Africa,2014,3,0,0
Saint Kitts and Nevis,Africa,2014,17,0,0
Saint Lucia,South America,2014,15,5,10
Saint Vincent and the Grenadines,South America,2014,21,17,4
Samoa,Africa,2014,9,6,3
Saudi Arabia,Asia,2014,71,21,50
Senegal,Africa,2014,25,9,16
Serbia,Europe,2014,8,0,0
Serbia and Montenegro (former),Europe,2014,5,0,0
Sierra Leone,Africa,2014,14,10,4
Singapore,Asia,2014,10,4,6
Slovakia,Europe,2014,19,5,14
Somalia,Africa,2014,57,24,33
South Africa,Africa,2014,42,25,17
South Sudan,Africa,2014,9,9,0
Spain,Europe,2014,105,35,70
Sri Lanka,Asia,2014,33,7,26
Sudan,Africa,2014,13,0,0
Suriname,Africa,2014,5,0,0
Sweden,Europe,2014,17,10,7
Switzerland,Europe,2014,7,0,0
Syria,Asia,2014,10,0,10
Taiwan,Asia,2014,46,9,37
Tajikistan,Asia,2014,7,0,0
Tanzania,Africa,2014,26,13,13
Thailand,Asia,2014,58,18,40
Togo,Africa,2014,6,0,0
Tonga,Africa,2014,28,0,0
Trinidad and Tobago,South America,2014,161,136,25
Tunisia,Asia,2014,10,6,4
Turkey,Asia,2014,57,19,38
Turkmenistan,Asia,2014,0,0,0
Uganda,Africa,2014,24,13,11
Ukraine,Europe,2014,93,49,44
United Kingdom,Europe,2014,229,150,79
Uruguay,South America,2014,51,31,20
Uzbekistan,Asia,2014,35,9,26
Venezuela,South America,2014,172,79,93
Vietnam,Asia,2014,46,32,14
Yemen,Asia,2014,15,6,9
Zambia,Africa,2014,12,7,5
Zimbabwe,Africa,2014,9,6,3
Afghanistan,Asia,2015,9,0,0
Albania,Europe,2015,43,21,22
Algeria,Africa,2015,15,0,0
Angola,Africa,2015,10,3,7
Antigua and Barbuda,South America,2015,16,11,5
Argentina,South America,2015,131,58,73
Armenia,Europe,2015,18,15,3
Australia,Oceania,2015,33,16,17
Austria,Europe,2015,7,3,4
Azerbaijan,Asia,2015,4,4,0
Bahamas,South America,2015,74,67,7
Bangladesh,Asia,2015,69,13,56
Barbados,South America,2015,12,12,0
Belarus,Europe,2015,10,3,7
Belgium,Europe,2015,7,4,3
Belize,South America,2015,132,81,51
Bolivia,South America,2015,71,39,32
Bosnia and Herzegovina,Europe,2015,56,43,13
Brazil,South America,2015,"1,010",283,727
Bulgaria,Europe,2015,36,17,19
Burkina Faso,Africa,2015,25,0,0
Burma,Asia,2015,5,0,0
Burundi,Africa,2015,0,0,0
Cabo Verde,Africa,2015,8,4,4
Cambodia,Asia,2015,16,0,0
Cameroon,Africa,2015,31,11,20
Canada,North America,2015,638,264,374
Chad,Africa,2015,3,0,3
Chile,South America,2015,90,43,47
"China, People's Republic",Asia,2015,718,128,590
Colombia,South America,2015,"1,585",792,793
"Congo, Democratic Republic",Africa,2015,10,0,0
"Congo, Republic",Africa,2015,6,0,0
Costa Rica,South America,2015,224,87,137
Cote d'Ivoire,Africa,2015,10,3,7
Croatia,Europe,2015,9,0,0
Cuba,South America,2015,45,18,27
Czechia,Europe,2015,28,16,12
Czechoslovakia (former),Europe,2015,0,0,0
Denmark,Europe,2015,6,0,6
Dominica,South America,2015,11,7,4
Dominican Republic,South America,2015,"1,881","1,519",362
Ecuador,South America,2015,"1,425",487,938
Egypt,Africa,2015,63,21,42
El Salvador,South America,2015,"21,821","7,186","14,635"
Estonia,Europe,2015,7,4,3
Ethiopia,Africa,2015,35,13,22
Fiji,Oceania,2015,15,8,7
France,Europe,2015,41,20,21
Gabon,Africa,2015,3,0,0
Gambia,Africa,2015,7,0,0
Georgia,Europe,2015,16,6,10
Germany,Europe,2015,50,35,15
Ghana,Africa,2015,75,33,42
Greece,Europe,2015,14,4,10
Grenada,South America,2015,13,8,5
Guatemala,South America,2015,"33,343","10,483","22,860"
Guinea,South America,2015,10,3,7
Guyana,South America,2015,113,94,19
Haiti,South America,2015,466,268,198
Honduras,South America,2015,"20,240","8,519","11,721"
Hungary,Europe,2015,28,11,17
India,Asia,2015,523,134,389
Indonesia,Asia,2015,41,9,32
Iran,Asia,2015,22,12,10
Iraq,Asia,2015,33,13,20
Ireland,Europe,2015,22,13,9
Israel,Asia,2015,103,23,80
Italy,Europe,2015,71,38,33
Jamaica,South America,2015,865,638,227
Japan,Asia,2015,34,12,22
Jordan,Asia,2015,95,25,70
Kazakhstan,Asia,2015,14,4,10
Kenya,Africa,2015,80,55,25
"Korea, South",Asia,2015,147,67,80
Kosovo,Europe,2015,12,9,3
Kyrgyzstan,Asia,2015,6,0,0
Laos,Asia,2015,0,0,0
Latvia,Europe,2015,32,22,10
Lebanon,Europe,2015,43,19,24
Liberia,Europe,2015,10,4,6
Lithuania,Europe,2015,19,11,8
Malaysia,Asia,2015,17,9,8
Mali,Oceania,2015,6,0,0
Mexico,North America,2015,"232,415","88,868","143,547"
"Micronesia, Federated States",Oceania,2015,65,0,0
Moldova,Europe,2015,15,7,8
Mongolia,Asia,2015,23,8,15
Montenegro,Europe,2015,10,0,0
Morocco,Africa,2015,29,15,14
Nepal,Asia,2015,23,5,18
Netherlands,Europe,2015,41,27,14
New Zealand,Oceania,2015,18,14,4
Nicaragua,South America,2015,929,440,489
Niger,Africa,2015,7,4,3
Nigeria,Africa,2015,586,107,479
North Macedonia,Europe,2015,9,0,0
Norway,Europe,2015,0,0,0
Pakistan,Asia,2015,84,29,55
Palau,Africa,2015,10,10,0
Panama,South America,2015,102,57,45
Paraguay,South America,2015,21,3,18
Peru,South America,2015,525,210,315
Philippines,Asia,2015,213,128,85
Poland,Europe,2015,178,73,105
Portugal,Europe,2015,42,25,17
Romania,Europe,2015,152,70,82
Russia,Europe,2015,99,39,60
Rwanda,Africa,2015,7,0,0
Saint Kitts and Nevis,Africa,2015,15,0,0
Saint Lucia,South America,2015,12,4,8
Saint Vincent and the Grenadines,South America,2015,11,8,3
Samoa,Africa,2015,0,0,0
Saudi Arabia,Asia,2015,68,20,48
Senegal,Africa,2015,23,5,18
Serbia,Europe,2015,14,0,0
Serbia and Montenegro (former),Europe,2015,10,4,6
Sierra Leone,Africa,2015,3,0,0
Singapore,Asia,2015,5,0,0
Slovakia,Europe,2015,8,3,5
Somalia,Africa,2015,122,4,118
South Africa,Africa,2015,49,16,33
South Sudan,Africa,2015,0,0,0
Spain,Europe,2015,104,31,73
Sri Lanka,Asia,2015,26,3,23
Sudan,Africa,2015,11,6,5
Suriname,Africa,2015,5,0,0
Sweden,Europe,2015,17,6,11
Switzerland,Europe,2015,6,0,0
Syria,Asia,2015,4,0,4
Taiwan,Asia,2015,33,9,24
Tajikistan,Asia,2015,3,0,0
Tanzania,Africa,2015,21,11,10
Thailand,Asia,2015,54,15,39
Togo,Africa,2015,11,3,8
Tonga,Africa,2015,20,13,7
Trinidad and Tobago,South America,2015,129,102,27
Tunisia,Asia,2015,16,7,9
Turkey,Asia,2015,59,16,43
Turkmenistan,Asia,2015,6,0,0
Uganda,Africa,2015,10,4,6
Ukraine,Europe,2015,91,39,52
United Kingdom,Europe,2015,177,111,66
Uruguay,South America,2015,35,16,19
Uzbekistan,Asia,2015,17,10,7
Venezuela,South America,2015,205,60,145
Vietnam,Asia,2015,46,19,27
Yemen,Asia,2015,18,9,9
Zambia,Africa,2015,13,0,0
Zimbabwe,Africa,2015,11,6,5
Afghanistan,Asia,2016,5,0,0
Albania,Europe,2016,35,10,25
Algeria,Africa,2016,17,3,14
Angola,Africa,2016,10,0,0
Antigua and Barbuda,South America,2016,14,0,0
Argentina,South America,2016,156,52,104
Armenia,Europe,2016,21,13,8
Australia,Oceania,2016,41,13,28
Austria,Europe,2016,8,3,5
Azerbaijan,Asia,2016,0,0,0
Bahamas,South America,2016,97,85,12
Bangladesh,Asia,2016,139,14,125
Barbados,South America,2016,14,0,0
Belarus,Europe,2016,11,4,7
Belgium,Europe,2016,7,0,0
Belize,South America,2016,148,88,60
Bolivia,South America,2016,91,28,63
Bosnia and Herzegovina,Europe,2016,52,42,10
Brazil,South America,2016,"1,507",335,"1,172"
Bulgaria,Europe,2016,26,8,18
Burkina Faso,Africa,2016,18,0,18
Burma,Asia,2016,3,0,0
Burundi,Africa,2016,3,0,3
Cabo Verde,Africa,2016,16,11,5
Cambodia,Asia,2016,74,0,0
Cameroon,Africa,2016,36,14,22
Canada,North America,2016,705,257,448
Chad,Africa,2016,8,0,0
Chile,South America,2016,114,50,64
"China, People's Republic",Asia,2016,809,110,699
Colombia,South America,2016,"2,097",766,"1,331"
"Congo, Democratic Republic",Africa,2016,21,5,16
"Congo, Republic",Africa,2016,0,0,0
Costa Rica,South America,2016,253,70,183
Cote d'Ivoire,Africa,2016,23,11,12
Croatia,Europe,2016,8,5,3
Cuba,South America,2016,51,32,19
Czechia,Europe,2016,21,8,13
Czechoslovakia (former),Europe,2016,3,3,0
Denmark,Europe,2016,5,0,0
Dominica,South America,2016,8,0,0
Dominican Republic,South America,2016,"1,981","1,487",494
Ecuador,South America,2016,"1,432",466,966
Egypt,Africa,2016,53,15,38
El Salvador,South America,2016,"20,341","6,754","13,587"
Estonia,Europe,2016,8,0,0
Ethiopia,Africa,2016,43,16,27
Fiji,Oceania,2016,38,10,28
France,Europe,2016,49,20,29
Gabon,Africa,2016,3,0,3
Gambia,Africa,2016,0,0,0
Georgia,Europe,2016,24,9,15
Germany,Europe,2016,68,49,19
Ghana,Africa,2016,105,32,73
Greece,Europe,2016,15,6,9
Grenada,South America,2016,15,8,7
Guatemala,South America,2016,"33,863","10,599","23,264"
Guinea,South America,2016,18,10,8
Guyana,South America,2016,118,87,31
Haiti,South America,2016,378,264,114
Honduras,South America,2016,"22,073","8,629","13,444"
Hungary,Europe,2016,30,17,13
India,Asia,2016,712,103,609
Indonesia,Asia,2016,35,9,26
Iran,Asia,2016,21,12,9
Iraq,Asia,2016,48,9,39
Ireland,Europe,2016,25,15,10
Israel,Asia,2016,81,16,65
Italy,Europe,2016,49,20,29
Jamaica,South America,2016,"1,084",623,461
Japan,Asia,2016,29,6,23
Jordan,Asia,2016,125,39,86
Kazakhstan,Asia,2016,22,5,17
Kenya,Africa,2016,74,33,41
"Korea, South",Asia,2016,151,89,62
Kosovo,Europe,2016,11,6,5
Kyrgyzstan,Asia,2016,6,0,0
Laos,Asia,2016,0,0,0
Latvia,Europe,2016,8,0,0
Lebanon,Europe,2016,42,19,23
Liberia,Europe,2016,28,22,6
Lithuania,Europe,2016,16,9,7
Malaysia,Asia,2016,19,9,10
Mali,Oceania,2016,7,0,0
Mexico,North America,2016,"236,593","83,093","153,500"
"Micronesia, Federated States",Oceania,2016,62,62,0
Moldova,Europe,2016,21,12,9
Mongolia,Asia,2016,25,3,22
Montenegro,Europe,2016,6,0,0
Morocco,Africa,2016,30,13,17
Nepal,Asia,2016,31,5,26
Netherlands,Europe,2016,22,16,6
New Zealand,Oceania,2016,18,11,7
Nicaragua,South America,2016,883,392,491
Niger,Africa,2016,3,0,0
Nigeria,Africa,2016,601,112,489
North Macedonia,Europe,2016,9,0,0
Norway,Europe,2016,3,0,0
Pakistan,Asia,2016,121,22,99
Palau,Africa,2016,10,10,0
Panama,South America,2016,83,54,29
Paraguay,South America,2016,22,0,0
Peru,South America,2016,592,207,385
Philippines,Asia,2016,274,123,151
Poland,Europe,2016,188,74,114
Portugal,Europe,2016,44,27,17
Romania,Europe,2016,180,69,111
Russia,Europe,2016,133,42,91
Rwanda,Africa,2016,5,0,0
Saint Kitts and Nevis,Africa,2016,11,8,3
Saint Lucia,South America,2016,16,10,6
Saint Vincent and the Grenadines,South America,2016,14,10,4
Samoa,Africa,2016,0,0,0
Saudi Arabia,Asia,2016,143,24,119
Senegal,Africa,2016,18,7,11
Serbia,Europe,2016,31,12,19
Serbia and Montenegro (former),Europe,2016,6,0,0
Sierra Leone,Africa,2016,22,18,4
Singapore,Asia,2016,6,0,0
Slovakia,Europe,2016,12,4,8
Somalia,Africa,2016,198,25,173
South Africa,Africa,2016,37,9,28
South Sudan,Africa,2016,0,0,0
Spain,Europe,2016,77,32,45
Sri Lanka,Asia,2016,32,3,29
Sudan,Africa,2016,4,0,0
Suriname,Africa,2016,0,0,0
Sweden,Europe,2016,13,6,7
Switzerland,Europe,2016,9,0,0
Syria,Asia,2016,11,0,0
Taiwan,Asia,2016,40,13,27
Tajikistan,Asia,2016,7,0,0
Tanzania,Africa,2016,15,10,5
Thailand,Asia,2016,66,11,55
Togo,Africa,2016,5,0,0
Tonga,Africa,2016,30,21,9
Trinidad and Tobago,South America,2016,127,109,18
Tunisia,Asia,2016,18,0,0
Turkey,Asia,2016,68,17,51
Turkmenistan,Asia,2016,12,0,12
Uganda,Africa,2016,8,0,0
Ukraine,Europe,2016,120,26,94
United Kingdom,Europe,2016,180,107,73
Uruguay,South America,2016,47,17,30
Uzbekistan,Asia,2016,17,5,12
Venezuela,South America,2016,702,56,646
Vietnam,Asia,2016,44,20,24
Yemen,Asia,2016,13,0,0
Zambia,Africa,2016,12,5,7
Zimbabwe,Africa,2016,8,0,0
Afghanistan,Asia,2017,46,20,26
Albania,Europe,2017,54,25,29
Algeria,Africa,2017,41,23,18
Angola,Africa,2017,10,0,10
Antigua and Barbuda,South America,2017,17,0,0
Argentina,South America,2017,181,48,133
Armenia,Europe,2017,29,12,17
Australia,Oceania,2017,29,6,23
Austria,Europe,2017,6,3,3
Azerbaijan,Asia,2017,6,0,0
Bahamas,South America,2017,86,72,14
Bangladesh,Asia,2017,213,25,188
Barbados,South America,2017,23,19,4
Belarus,Europe,2017,20,6,14
Belgium,Europe,2017,10,3,7
Belize,South America,2017,123,57,66
Bolivia,South America,2017,126,43,83
Bosnia and Herzegovina,Europe,2017,43,39,4
Brazil,South America,2017,"1,715",405,"1,310"
Bulgaria,Europe,2017,25,14,11
Burkina Faso,Africa,2017,39,3,36
Burma,Asia,2017,12,5,7
Burundi,Africa,2017,7,3,4
Cabo Verde,Africa,2017,34,25,9
Cambodia,Asia,2017,31,0,0
Cameroon,Africa,2017,68,10,58
Canada,North America,2017,683,205,478
Chad,Africa,2017,10,3,7
Chile,South America,2017,150,67,83
"China, People's Republic",Asia,2017,"1,861",122,"1,739"
Colombia,South America,2017,"2,027",615,"1,412"
"Congo, Democratic Republic",Africa,2017,40,12,28
"Congo, Republic",Africa,2017,7,0,0
Costa Rica,South America,2017,254,72,182
Cote d'Ivoire,Africa,2017,15,7,8
Croatia,Europe,2017,9,0,0
Cuba,South America,2017,192,73,119
Czechia,Europe,2017,26,9,17
Czechoslovakia (former),Europe,2017,6,0,0
Denmark,Europe,2017,7,0,7
Dominica,South America,2017,13,9,4
Dominican Republic,South America,2017,"2,021","1,509",512
Ecuador,South America,2017,"1,375",499,876
Egypt,Africa,2017,65,21,44
El Salvador,South America,2017,"18,332","6,418","11,914"
Estonia,Europe,2017,11,3,8
Ethiopia,Africa,2017,45,10,35
Fiji,Oceania,2017,37,8,29
France,Europe,2017,71,21,50
Gabon,Africa,2017,4,0,0
Gambia,Africa,2017,55,23,32
Georgia,Europe,2017,24,8,16
Germany,Europe,2017,68,43,25
Ghana,Africa,2017,315,62,253
Greece,Europe,2017,20,6,14
Grenada,South America,2017,17,0,0
Guatemala,South America,2017,"32,827","11,034","21,793"
Guinea,South America,2017,90,29,61
Guyana,South America,2017,181,98,83
Haiti,South America,2017,"5,715",338,"5,377"
Honduras,South America,2017,"22,055","9,229","12,826"
Hungary,Europe,2017,113,12,101
India,Asia,2017,692,158,534
Indonesia,Asia,2017,79,16,63
Iran,Asia,2017,19,8,11
Iraq,Asia,2017,56,22,34
Ireland,Europe,2017,32,15,17
Israel,Asia,2017,116,35,81
Italy,Europe,2017,107,35,72
Jamaica,South America,2017,"1,096",666,430
Japan,Asia,2017,30,10,20
Jordan,Asia,2017,141,39,102
Kazakhstan,Asia,2017,26,6,20
Kenya,Africa,2017,108,51,57
"Korea, South",Asia,2017,167,79,88
Kosovo,Europe,2017,11,4,7
Kyrgyzstan,Asia,2017,12,3,9
Laos,Asia,2017,7,0,0
Latvia,Europe,2017,20,7,13
Lebanon,Europe,2017,39,12,27
Liberia,Europe,2017,108,101,7
Lithuania,Europe,2017,24,16,8
Malaysia,Asia,2017,15,5,10
Mali,Oceania,2017,36,9,27
Mexico,North America,2017,"181,994","73,340","108,654"
"Micronesia, Federated States",Oceania,2017,108,108,0
Moldova,Europe,2017,36,20,16
Mongolia,Asia,2017,46,13,33
Montenegro,Europe,2017,17,6,11
Morocco,Africa,2017,68,36,32
Nepal,Asia,2017,51,5,46
Netherlands,Europe,2017,40,19,21
New Zealand,Oceania,2017,24,8,16
Nicaragua,South America,2017,903,377,526
Niger,Africa,2017,19,13,6
Nigeria,Africa,2017,702,111,591
North Macedonia,Europe,2017,12,5,7
Norway,Europe,2017,5,0,0
Pakistan,Asia,2017,205,47,158
Palau,Africa,2017,14,14,0
Panama,South America,2017,94,52,42
Paraguay,South America,2017,24,0,0
Peru,South America,2017,607,177,430
Philippines,Asia,2017,330,119,211
Poland,Europe,2017,151,75,76
Portugal,Europe,2017,64,34,30
Romania,Europe,2017,266,88,178
Russia,Europe,2017,183,59,124
Rwanda,Africa,2017,9,3,6
Saint Kitts and Nevis,Africa,2017,17,13,4
Saint Lucia,South America,2017,26,22,4
Saint Vincent and the Grenadines,South America,2017,12,9,3
Samoa,Africa,2017,13,9,4
Saudi Arabia,Asia,2017,122,28,94
Senegal,Africa,2017,205,34,171
Serbia,Europe,2017,28,12,16
Serbia and Montenegro (former),Europe,2017,6,0,0
Sierra Leone,Africa,2017,40,27,13
Singapore,Asia,2017,5,0,0
Slovakia,Europe,2017,22,6,16
Somalia,Africa,2017,517,178,339
South Africa,Africa,2017,56,14,42
South Sudan,Africa,2017,3,3,0
Spain,Europe,2017,153,51,102
Sri Lanka,Asia,2017,54,7,47
Sudan,Africa,2017,22,11,11
Suriname,Africa,2017,9,6,3
Sweden,Europe,2017,20,7,13
Switzerland,Europe,2017,6,0,0
Syria,Asia,2017,7,0,7
Taiwan,Asia,2017,39,9,30
Tajikistan,Asia,2017,10,0,0
Tanzania,Africa,2017,12,5,7
Thailand,Asia,2017,86,13,73
Togo,Africa,2017,19,3,16
Tonga,Africa,2017,27,11,16
Trinidad and Tobago,South America,2017,141,110,31
Tunisia,Asia,2017,10,0,0
Turkey,Asia,2017,115,15,100
Turkmenistan,Asia,2017,17,0,17
Uganda,Africa,2017,16,3,13
Ukraine,Europe,2017,138,39,99
United Kingdom,Europe,2017,175,99,76
Uruguay,South America,2017,63,22,41
Uzbekistan,Asia,2017,27,6,21
Venezuela,South America,2017,"1,085",81,"1,004"
Vietnam,Asia,2017,85,60,25
Yemen,Asia,2017,13,0,0
Zambia,Africa,2017,15,8,7
Zimbabwe,Africa,2017,14,8,6
Afghanistan,Asia,2018,28,14,14
Albania,Europe,2018,97,38,59
Algeria,Africa,2018,26,21,5
Angola,Africa,2018,37,13,24
Antigua and Barbuda,South America,2018,23,0,0
Argentina,South America,2018,233,201,32
Armenia,Europe,2018,31,26,5
Australia,Oceania,2018,50,34,16
Austria,Europe,2018,8,4,4
Azerbaijan,Asia,2018,18,14,4
Bahamas,South America,2018,89,75,14
Bangladesh,Asia,2018,145,57,88
Barbados,South America,2018,18,15,3
Belarus,Europe,2018,15,11,4
Belgium,Europe,2018,21,12,9
Belize,South America,2018,133,111,22
Bolivia,South America,2018,120,90,30
Bosnia and Herzegovina,Europe,2018,43,36,7
Brazil,South America,2018,"2,131","1,183",948
Bulgaria,Europe,2018,37,20,17
Burkina Faso,Africa,2018,39,14,25
Burma,Asia,2018,42,42,0
Burundi,Africa,2018,14,8,6
Cabo Verde,Africa,2018,69,60,9
Cambodia,Asia,2018,111,105,6
Cameroon,Africa,2018,74,23,51
Canada,North America,2018,635,557,78
Chad,Africa,2018,13,6,7
Chile,South America,2018,167,93,74
"China, People's Republic",Asia,2018,"1,034",591,443
Colombia,South America,2018,"2,666","2,306",360
"Congo, Democratic Republic",Africa,2018,80,20,60
"Congo, Republic",Africa,2018,19,8,11
Costa Rica,South America,2018,320,254,66
Cote d'Ivoire,Africa,2018,82,55,27
Croatia,Europe,2018,16,0,0
Cuba,South America,2018,479,200,279
Czechia,Europe,2018,49,20,29
Czechoslovakia (former),Europe,2018,4,0,0
Denmark,Europe,2018,4,0,0
Dominica,South America,2018,20,17,3
Dominican Republic,South America,2018,"1,870","1,499",371
Ecuador,South America,2018,"1,427",888,539
Egypt,Africa,2018,93,56,37
El Salvador,South America,2018,"14,921","7,045","7,876"
Estonia,Europe,2018,12,5,7
Ethiopia,Africa,2018,38,17,21
Fiji,Oceania,2018,43,37,6
France,Europe,2018,88,54,34
Gabon,Africa,2018,10,0,0
Gambia,Africa,2018,108,65,43
Georgia,Europe,2018,26,19,7
Germany,Europe,2018,83,52,31
Ghana,Africa,2018,282,122,160
Greece,Europe,2018,19,10,9
Grenada,South America,2018,9,0,0
Guatemala,South America,2018,"49,132","19,791","29,341"
Guinea,South America,2018,220,85,135
Guyana,South America,2018,245,194,51
Haiti,South America,2018,"1,024",461,563
Honduras,South America,2018,"28,384","12,685","15,699"
Hungary,Europe,2018,84,25,59
India,Asia,2018,841,461,380
Indonesia,Asia,2018,113,28,85
Iran,Asia,2018,20,13,7
Iraq,Asia,2018,47,38,9
Ireland,Europe,2018,41,23,18
Israel,Asia,2018,137,105,32
Italy,Europe,2018,130,52,78
Jamaica,South America,2018,"1,085",992,93
Japan,Asia,2018,40,24,16
Jordan,Asia,2018,123,96,27
Kazakhstan,Asia,2018,35,26,9
Kenya,Africa,2018,155,110,45
"Korea, South",Asia,2018,158,93,65
Kosovo,Europe,2018,13,5,8
Kyrgyzstan,Asia,2018,10,4,6
Laos,Asia,2018,9,4,5
Latvia,Europe,2018,16,7,9
Lebanon,Europe,2018,60,37,23
Liberia,Europe,2018,118,109,9
Lithuania,Europe,2018,45,21,24
Malaysia,Asia,2018,16,0,0
Mali,Oceania,2018,62,29,33
Mexico,North America,2018,"208,123","90,170","117,953"
"Micronesia, Federated States",Oceania,2018,97,97,0
Moldova,Europe,2018,43,29,14
Mongolia,Asia,2018,44,35,9
Montenegro,Europe,2018,27,14,13
Morocco,Africa,2018,55,44,11
Nepal,Asia,2018,54,17,37
Netherlands,Europe,2018,41,24,17
New Zealand,Oceania,2018,27,19,8
Nicaragua,South America,2018,962,567,395
Niger,Africa,2018,5,0,0
Nigeria,Africa,2018,794,607,187
North Macedonia,Europe,2018,14,10,4
Norway,Europe,2018,8,5,3
Pakistan,Asia,2018,278,139,139
Palau,Africa,2018,9,9,0
Panama,South America,2018,91,86,5
Paraguay,South America,2018,24,0,0
Peru,South America,2018,725,498,227
Philippines,Asia,2018,439,379,60
Poland,Europe,2018,169,128,41
Portugal,Europe,2018,94,35,59
Romania,Europe,2018,417,203,214
Russia,Europe,2018,195,131,64
Rwanda,Africa,2018,3,0,0
Saint Kitts and Nevis,Africa,2018,17,17,0
Saint Lucia,South America,2018,35,31,4
Saint Vincent and the Grenadines,South America,2018,18,0,0
Samoa,Africa,2018,29,29,0
Saudi Arabia,Asia,2018,116,86,30
Senegal,Africa,2018,131,44,87
Serbia,Europe,2018,33,13,20
Serbia and Montenegro (former),Europe,2018,5,0,0
Sierra Leone,Africa,2018,81,54,27
Singapore,Asia,2018,6,0,0
Slovakia,Europe,2018,33,11,22
Somalia,Africa,2018,228,126,102
South Africa,Africa,2018,62,49,13
South Sudan,Africa,2018,61,61,0
Spain,Europe,2018,209,78,131
Sri Lanka,Asia,2018,45,20,25
Sudan,Africa,2018,49,38,11
Suriname,Africa,2018,20,17,3
Sweden,Europe,2018,21,10,11
Switzerland,Europe,2018,4,0,0
Syria,Asia,2018,7,4,3
Taiwan,Asia,2018,33,23,10
Tajikistan,Asia,2018,7,3,4
Tanzania,Africa,2018,21,18,3
Thailand,Asia,2018,125,100,25
Togo,Africa,2018,22,8,14
Tonga,Africa,2018,30,26,4
Trinidad and Tobago,South America,2018,119,105,14
Tunisia,Asia,2018,15,11,4
Turkey,Asia,2018,116,68,48
Turkmenistan,Asia,2018,11,0,0
Uganda,Africa,2018,26,20,6
Ukraine,Europe,2018,137,93,44
United Kingdom,Europe,2018,222,157,65
Uruguay,South America,2018,59,47,12
Uzbekistan,Asia,2018,36,13,23
Venezuela,South America,2018,"1,471","1,300",171
Vietnam,Asia,2018,115,101,14
Yemen,Asia,2018,23,19,4
Zambia,Africa,2018,14,9,5
Zimbabwe,Africa,2018,20,11,9
Afghanistan,Asia,2019,29,19,10
Albania,Europe,2019,84,34,50
Algeria,Africa,2019,26,14,12
Angola,Africa,2019,44,14,30
Antigua and Barbuda,South America,2019,12,12,0
Argentina,South America,2019,323,287,36
Armenia,Europe,2019,58,41,17
Australia,Oceania,2019,41,28,13
Austria,Europe,2019,6,0,0
Azerbaijan,Asia,2019,7,0,0
Bahamas,South America,2019,103,88,15
Bangladesh,Asia,2019,157,48,109
Barbados,South America,2019,34,34,0
Belarus,Europe,2019,30,19,11
Belgium,Europe,2019,8,5,3
Belize,South America,2019,109,80,29
Bolivia,South America,2019,109,89,20
Bosnia and Herzegovina,Europe,2019,35,28,7
Brazil,South America,2019,"2,396","1,481",915
Bulgaria,Europe,2019,27,18,9
Burkina Faso,Africa,2019,23,12,11
Burma,Asia,2019,29,0,0
Burundi,Africa,2019,5,0,0
Cabo Verde,Africa,2019,54,49,5
Cambodia,Asia,2019,81,71,10
Cameroon,Africa,2019,76,20,56
Canada,North America,2019,856,748,108
Chad,Africa,2019,0,0,0
Chile,South America,2019,213,144,69
"China, People's Republic",Asia,2019,"1,363",956,407
Colombia,South America,2019,"2,876","2,563",313
"Congo, Democratic Republic",Africa,2019,83,39,44
"Congo, Republic",Africa,2019,15,3,12
Costa Rica,South America,2019,353,310,43
Cote d'Ivoire,Africa,2019,36,28,8
Croatia,Europe,2019,16,0,0
Cuba,South America,2019,"1,116",163,953
Czechia,Europe,2019,53,11,42
Czechoslovakia (former),Europe,2019,0,0,0
Denmark,Europe,2019,4,0,0
Dominica,South America,2019,20,0,0
Dominican Republic,South America,2019,"2,195","1,616",579
Ecuador,South America,2019,"2,483","1,479","1,004"
Egypt,Africa,2019,82,60,22
El Salvador,South America,2019,"18,030","8,792","9,238"
Estonia,Europe,2019,10,5,5
Ethiopia,Africa,2019,45,27,18
Fiji,Oceania,2019,33,0,0
France,Europe,2019,82,44,38
Gabon,Africa,2019,8,5,3
Gambia,Africa,2019,128,70,58
Georgia,Europe,2019,44,25,19
Germany,Europe,2019,72,44,28
Ghana,Africa,2019,288,188,100
Greece,Europe,2019,34,14,20
Grenada,South America,2019,16,16,0
Guatemala,South America,2019,"53,309","23,091","30,218"
Guinea,South America,2019,102,57,45
Guyana,South America,2019,349,309,40
Haiti,South America,2019,727,429,298
Honduras,South America,2019,"40,637","17,982","22,655"
Hungary,Europe,2019,65,23,42
India,Asia,2019,"1,807",629,"1,178"
Indonesia,Asia,2019,90,41,49
Iran,Asia,2019,26,16,10
Iraq,Asia,2019,81,66,15
Ireland,Europe,2019,33,14,19
Israel,Asia,2019,154,132,22
Italy,Europe,2019,124,55,69
Jamaica,South America,2019,"1,340","1,241",99
Japan,Asia,2019,29,23,6
Jordan,Asia,2019,138,98,40
Kazakhstan,Asia,2019,63,50,13
Kenya,Africa,2019,158,129,29
"Korea, South",Asia,2019,184,109,75
Kosovo,Europe,2019,18,10,8
Kyrgyzstan,Asia,2019,19,4,15
Laos,Asia,2019,6,0,0
Latvia,Europe,2019,16,9,7
Lebanon,Europe,2019,52,35,17
Liberia,Europe,2019,113,109,4
Lithuania,Europe,2019,36,19,17
Malaysia,Asia,2019,22,0,0
Mali,Oceania,2019,57,36,21
Mexico,North America,2019,"202,810","98,324","104,486"
"Micronesia, Federated States",Oceania,2019,88,0,0
Moldova,Europe,2019,36,21,15
Mongolia,Asia,2019,55,45,10
Montenegro,Europe,2019,39,25,14
Morocco,Africa,2019,33,20,13
Nepal,Asia,2019,168,29,139
Netherlands,Europe,2019,47,32,15
New Zealand,Oceania,2019,25,17,8
Nicaragua,South America,2019,"2,262","1,056","1,206"
Niger,Africa,2019,10,6,4
Nigeria,Africa,2019,453,349,104
North Macedonia,Europe,2019,16,12,4
Norway,Europe,2019,10,3,7
Pakistan,Asia,2019,241,152,89
Palau,Africa,2019,10,10,0
Panama,South America,2019,102,95,7
Paraguay,South America,2019,31,28,3
Peru,South America,2019,757,522,235
Philippines,Asia,2019,500,457,43
Poland,Europe,2019,172,140,32
Portugal,Europe,2019,97,43,54
Romania,Europe,2019,391,210,181
Russia,Europe,2019,263,177,86
Rwanda,Africa,2019,15,8,7
Saint Kitts and Nevis,Africa,2019,11,0,0
Saint Lucia,South America,2019,21,16,5
Saint Vincent and the Grenadines,South America,2019,18,14,4
Samoa,Africa,2019,18,0,0
Saudi Arabia,Asia,2019,84,66,18
Senegal,Africa,2019,62,37,25
Serbia,Europe,2019,34,17,17
Serbia and Montenegro (former),Europe,2019,4,0,0
Sierra Leone,Africa,2019,87,69,18
Singapore,Asia,2019,3,3,0
Slovakia,Europe,2019,18,7,11
Somalia,Africa,2019,152,96,56
South Africa,Africa,2019,78,63,15
South Sudan,Africa,2019,65,0,0
Spain,Europe,2019,217,66,151
Sri Lanka,Asia,2019,108,11,97
Sudan,Africa,2019,16,0,0
Suriname,Africa,2019,16,0,0
Sweden,Europe,2019,20,9,11
Switzerland,Europe,2019,9,6,3
Syria,Asia,2019,7,0,7
Taiwan,Asia,2019,56,36,20
Tajikistan,Asia,2019,6,3,3
Tanzania,Africa,2019,22,16,6
Thailand,Asia,2019,199,188,11
Togo,Africa,2019,19,11,8
Tonga,Africa,2019,38,0,0
Trinidad and Tobago,South America,2019,130,117,13
Tunisia,Asia,2019,26,22,4
Turkey,Asia,2019,168,116,52
Turkmenistan,Asia,2019,15,12,3
Uganda,Africa,2019,38,27,11
Ukraine,Europe,2019,173,123,50
United Kingdom,Europe,2019,212,147,65
Uruguay,South America,2019,71,55,16
Uzbekistan,Asia,2019,46,19,27
Venezuela,South America,2019,"1,622","1,455",167
Vietnam,Asia,2019,90,73,17
Yemen,Asia,2019,45,25,20
Zambia,Africa,2019,18,15,3
Zimbabwe,Africa,2019,18,13,5
Afghanistan,Asia,2020,26,12,14
Albania,Europe,2020,57,20,37
Algeria,Africa,2020,5,0,0
Angola,Africa,2020,41,0,0
Antigua and Barbuda,South America,2020,9,0,0
Argentina,South America,2020,298,265,33
Armenia,Europe,2020,44,29,15
Australia,Oceania,2020,45,27,18
Austria,Europe,2020,6,0,0
Azerbaijan,Asia,2020,7,0,0
Bahamas,South America,2020,73,58,15
Bangladesh,Asia,2020,306,45,261
Barbados,South America,2020,9,9,0
Belarus,Europe,2020,12,7,5
Belgium,Europe,2020,14,10,4
Belize,South America,2020,100,67,33
Bolivia,South America,2020,76,61,15
Bosnia and Herzegovina,Europe,2020,27,21,6
Brazil,South America,2020,"2,286","1,326",960
Bulgaria,Europe,2020,26,18,8
Burkina Faso,Africa,2020,5,0,0
Burma,Asia,2020,38,34,4
Burundi,Africa,2020,11,0,0
Cabo Verde,Africa,2020,14,14,0
Cambodia,Asia,2020,28,0,0
Cameroon,Africa,2020,59,15,44
Canada,North America,2020,661,572,89
Chad,Africa,2020,4,0,0
Chile,South America,2020,274,112,162
"China, People's Republic",Asia,2020,633,404,229
Colombia,South America,2020,"1,947","1,599",348
"Congo, Democratic Republic",Africa,2020,99,15,84
"Congo, Republic",Africa,2020,13,6,7
Costa Rica,South America,2020,251,190,61
Cote d'Ivoire,Africa,2020,41,26,15
Croatia,Europe,2020,10,0,0
Cuba,South America,2020,"1,593",245,"1,348"
Czechia,Europe,2020,24,11,13
Czechoslovakia (former),Europe,2020,0,0,0
Denmark,Europe,2020,8,5,3
Dominica,South America,2020,10,0,0
Dominican Republic,South America,2020,"1,919","1,488",431
Ecuador,South America,2020,"3,117","1,505","1,612"
Egypt,Africa,2020,101,53,48
El Salvador,South America,2020,"12,162","5,038","7,124"
Estonia,Europe,2020,3,0,0
Ethiopia,Africa,2020,47,29,18
Fiji,Oceania,2020,31,0,0
France,Europe,2020,81,35,46
Gabon,Africa,2020,8,5,3
Gambia,Africa,2020,44,27,17
Georgia,Europe,2020,51,20,31
Germany,Europe,2020,56,33,23
Ghana,Africa,2020,157,104,53
Greece,Europe,2020,14,7,7
Grenada,South America,2020,7,7,0
Guatemala,South America,2020,"28,337","10,261","18,076"
Guinea,South America,2020,41,23,18
Guyana,South America,2020,181,155,26
Haiti,South America,2020,910,390,520
Honduras,South America,2020,"20,557","9,597","10,960"
Hungary,Europe,2020,45,15,30
India,Asia,2020,"2,542",547,"1,995"
Indonesia,Asia,2020,78,33,45
Iran,Asia,2020,20,15,5
Iraq,Asia,2020,35,22,13
Ireland,Europe,2020,17,10,7
Israel,Asia,2020,128,113,15
Italy,Europe,2020,116,26,90
Jamaica,South America,2020,"1,243","1,171",72
Japan,Asia,2020,26,11,15
Jordan,Asia,2020,92,68,24
Kazakhstan,Asia,2020,53,34,19
Kenya,Africa,2020,125,94,31
"Korea, South",Asia,2020,157,70,87
Kosovo,Europe,2020,19,13,6
Kyrgyzstan,Asia,2020,8,0,0
Laos,Asia,2020,11,0,0
Latvia,Europe,2020,18,11,7
Lebanon,Europe,2020,51,33,18
Liberia,Europe,2020,117,111,6
Lithuania,Europe,2020,22,13,9
Malaysia,Asia,2020,23,19,4
Mali,Oceania,2020,15,7,8
Mexico,North America,2020,"149,309","78,487","70,822"
"Micronesia, Federated States",Oceania,2020,24,24,0
Moldova,Europe,2020,27,21,6
Mongolia,Asia,2020,39,31,8
Montenegro,Europe,2020,20,15,5
Morocco,Africa,2020,27,19,8
Nepal,Asia,2020,104,22,82
Netherlands,Europe,2020,34,17,17
New Zealand,Oceania,2020,13,0,0
Nicaragua,South America,2020,"1,456",624,832
Niger,Africa,2020,5,0,0
Nigeria,Africa,2020,238,175,63
North Macedonia,Europe,2020,12,7,5
Norway,Europe,2020,6,0,0
Pakistan,Asia,2020,244,145,99
Palau,Africa,2020,4,4,0
Panama,South America,2020,64,57,7
Paraguay,South America,2020,38,0,0
Peru,South America,2020,490,328,162
Philippines,Asia,2020,323,285,38
Poland,Europe,2020,139,90,49
Portugal,Europe,2020,41,12,29
Romania,Europe,2020,277,155,122
Russia,Europe,2020,194,122,72
Rwanda,Africa,2020,9,6,3
Saint Kitts and Nevis,Africa,2020,4,0,0
Saint Lucia,South America,2020,15,0,0
Saint Vincent and the Grenadines,South America,2020,10,0,0
Samoa,Africa,2020,6,6,0
Saudi Arabia,Asia,2020,43,29,14
Senegal,Africa,2020,66,40,26
Serbia,Europe,2020,26,17,9
Serbia and Montenegro (former),Europe,2020,6,0,0
Sierra Leone,Africa,2020,24,12,12
Singapore,Asia,2020,7,4,3
Slovakia,Europe,2020,12,0,0
Somalia,Africa,2020,112,86,26
South Africa,Africa,2020,39,31,8
South Sudan,Africa,2020,41,41,0
Spain,Europe,2020,192,62,130
Sri Lanka,Asia,2020,122,12,110
Sudan,Africa,2020,17,0,0
Suriname,Africa,2020,0,0,0
Sweden,Europe,2020,10,5,5
Switzerland,Europe,2020,8,3,5
Syria,Asia,2020,0,0,0
Taiwan,Asia,2020,48,29,19
Tajikistan,Asia,2020,4,0,0
Tanzania,Africa,2020,19,0,0
Thailand,Asia,2020,104,96,8
Togo,Africa,2020,14,7,7
Tonga,Africa,2020,35,32,3
Trinidad and Tobago,South America,2020,85,77,8
Tunisia,Asia,2020,13,0,0
Turkey,Asia,2020,116,86,30
Turkmenistan,Asia,2020,0,0,0
Uganda,Africa,2020,28,11,17
Ukraine,Europe,2020,135,86,49
United Kingdom,Europe,2020,173,96,77
Uruguay,South America,2020,29,23,6
Uzbekistan,Asia,2020,45,5,40
Venezuela,South America,2020,807,706,101
Vietnam,Asia,2020,108,79,29
Yemen,Asia,2020,15,7,8
Zambia,Africa,2020,16,11,5
Zimbabwe,Africa,2020,18,14,4
Afghanistan,Asia,2021,14,0,0
Albania,Europe,2021,17,11,6
Algeria,Africa,2021,5,5,0
Angola,Africa,2021,8,0,8
Antigua and Barbuda,South America,2021,8,8,0
Argentina,South America,2021,480,431,49
Armenia,Europe,2021,67,57,10
Australia,Oceania,2021,15,12,3
Austria,Europe,2021,0,0,0
Azerbaijan,Asia,2021,0,0,0
Bahamas,South America,2021,98,77,21
Bangladesh,Asia,2021,28,13,15
Barbados,South America,2021,8,0,0
Belarus,Europe,2021,6,0,0
Belgium,Europe,2021,5,0,0
Belize,South America,2021,76,66,10
Bolivia,South America,2021,105,93,12
Bosnia and Herzegovina,Europe,2021,27,0,0
Brazil,South America,2021,"1,962",445,"1,517"
Bulgaria,Europe,2021,12,0,0
Burkina Faso,Africa,2021,7,3,4
Burma,Asia,2021,8,8,0
Burundi,Africa,2021,4,0,0
Cabo Verde,Africa,2021,27,0,0
Cambodia,Asia,2021,0,0,0
Cameroon,Africa,2021,84,8,76
Canada,North America,2021,450,416,34
Chad,Africa,2021,0,0,0
Chile,South America,2021,167,75,92
"China, People's Republic",Asia,2021,191,123,68
Colombia,South America,2021,"3,024","2,723",301
"Congo, Democratic Republic",Africa,2021,54,17,37
"Congo, Republic",Africa,2021,6,0,0
Costa Rica,South America,2021,300,259,41
Cote d'Ivoire,Africa,2021,11,6,5
Croatia,Europe,2021,9,6,3
Cuba,South America,2021,96,26,70
Czechia,Europe,2021,14,7,7
Czechoslovakia (former),Europe,2021,0,0,0
Denmark,Europe,2021,4,0,0
Dominica,South America,2021,12,0,0
Dominican Republic,South America,2021,"1,726","1,368",358
Ecuador,South America,2021,"1,857",788,"1,069"
Egypt,Africa,2021,62,35,27
El Salvador,South America,2021,"2,778","2,026",752
Estonia,Europe,2021,5,5,0
Ethiopia,Africa,2021,38,31,7
Fiji,Oceania,2021,4,4,0
France,Europe,2021,21,7,14
Gabon,Africa,2021,0,0,0
Gambia,Africa,2021,16,12,4
Georgia,Europe,2021,18,15,3
Germany,Europe,2021,28,19,9
Ghana,Africa,2021,85,58,27
Greece,Europe,2021,8,4,4
Grenada,South America,2021,3,3,0
Guatemala,South America,2021,"7,701","4,393","3,308"
Guinea,South America,2021,25,16,9
Guyana,South America,2021,167,137,30
Haiti,South America,2021,394,200,194
Honduras,South America,2021,"5,038","3,190","1,848"
Hungary,Europe,2021,20,13,7
India,Asia,2021,707,530,177
Indonesia,Asia,2021,49,32,17
Iran,Asia,2021,11,0,0
Iraq,Asia,2021,30,22,8
Ireland,Europe,2021,9,5,4
Israel,Asia,2021,123,113,10
Italy,Europe,2021,46,21,25
Jamaica,South America,2021,"1,295","1,222",73
Japan,Asia,2021,13,9,4
Jordan,Asia,2021,85,65,20
Kazakhstan,Asia,2021,30,21,9
Kenya,Africa,2021,105,94,11
"Korea, South",Asia,2021,82,46,36
Kosovo,Europe,2021,14,9,5
Kyrgyzstan,Asia,2021,15,10,5
Laos,Asia,2021,0,0,0
Latvia,Europe,2021,12,9,3
Lebanon,Europe,2021,41,0,0
Liberia,Europe,2021,43,39,4
Lithuania,Europe,2021,8,4,4
Malaysia,Asia,2021,6,0,0
Mali,Oceania,2021,11,5,6
Mexico,North America,2021,"54,138","40,161","13,977"
"Micronesia, Federated States",Oceania,2021,0,0,0
Moldova,Europe,2021,12,0,0
Mongolia,Asia,2021,22,22,0
Montenegro,Europe,2021,8,4,4
Morocco,Africa,2021,21,14,7
Nepal,Asia,2021,30,13,17
Netherlands,Europe,2021,13,10,3
New Zealand,Oceania,2021,9,9,0
Nicaragua,South America,2021,"1,033",404,629
Niger,Africa,2021,5,0,0
Nigeria,Africa,2021,115,87,28
North Macedonia,Europe,2021,6,6,0
Norway,Europe,2021,4,0,0
Pakistan,Asia,2021,122,91,31
Palau,Africa,2021,5,5,0
Panama,South America,2021,110,102,8
Paraguay,South America,2021,65,62,3
Peru,South America,2021,628,499,129
Philippines,Asia,2021,322,301,21
Poland,Europe,2021,50,46,4
Portugal,Europe,2021,24,14,10
Romania,Europe,2021,247,155,92
Russia,Europe,2021,132,95,37
Rwanda,Africa,2021,7,4,3
Saint Kitts and Nevis,Africa,2021,4,4,0
Saint Lucia,South America,2021,19,0,0
Saint Vincent and the Grenadines,South America,2021,14,9,5
Samoa,Africa,2021,6,0,0
Saudi Arabia,Asia,2021,19,13,6
Senegal,Africa,2021,24,12,12
Serbia,Europe,2021,20,13,7
Serbia and Montenegro (former),Europe,2021,0,0,0
Sierra Leone,Africa,2021,28,23,5
Singapore,Asia,2021,3,3,0
Slovakia,Europe,2021,6,0,0
Somalia,Africa,2021,47,0,0
South Africa,Africa,2021,38,31,7
South Sudan,Africa,2021,22,22,0
Spain,Europe,2021,86,20,66
Sri Lanka,Asia,2021,71,7,64
Sudan,Africa,2021,4,0,0
Suriname,Africa,2021,6,0,0
Sweden,Europe,2021,10,0,0
Switzerland,Europe,2021,0,0,0
Syria,Asia,2021,0,0,0
Taiwan,Asia,2021,22,18,4
Tajikistan,Asia,2021,3,3,0
Tanzania,Africa,2021,10,7,3
Thailand,Asia,2021,133,125,8
Togo,Africa,2021,11,6,5
Tonga,Africa,2021,0,0,0
Trinidad and Tobago,South America,2021,56,52,4
Tunisia,Asia,2021,11,0,0
Turkey,Asia,2021,98,82,16
Turkmenistan,Asia,2021,0,0,0
Uganda,Africa,2021,11,8,3
Ukraine,Europe,2021,85,71,14
United Kingdom,Europe,2021,89,74,15
Uruguay,South America,2021,44,37,7
Uzbekistan,Asia,2021,19,6,13
Venezuela,South America,2021,768,684,84
Vietnam,Asia,2021,41,30,11
Yemen,Asia,2021,5,0,0
Zambia,Africa,2021,10,0,0
Zimbabwe,Africa,2021,3,3,0
